ID;date_iso;date_written;title;autor-nr;werkbeziehung;label_1146;label_1235;metainfo-notes;label_1214;label_1214
HB-tv_monogr_6;1911;"1911";"Die Kinder. Komödie";10815;1049;;"Hermann Bahr: Die Kinder. Komödie. Berlin: S. Fischer 1911 (140 Seiten).";"Gedruckte Widmung: »Meinem lieben Mitarbeiter Otto Brahm im dankbarer Verehrung. Zell am Ziller in Tirol 1. September 1910.« Eine von David Belasco für New York in Aussicht genommene Aufführung (Berliner Tageblatt, 39 (1910) #510, Abend-Ausgabe, 2. (7.10.1910) dürfte trotz Vorschuss nicht stattgefunden haben (Hiram Kelly Moderwell: The Theatre of Today. New York: Lane 1914. (Kapitel: The Literary Forces)).";https://anno.onb.ac.at/cgi-content/anno-buch?apm=0&aid=74;
HB-tv_monogr_8;1901-12-01;"1902";"Der Krampus. Lustspiel in drei Aufzügen";10815;1049;;"Hermann Bahr: Der Krampus. Lustspiel in drei Aufzügen. München: Albert Langen 1902 (229 Seiten).";"Die Österreichische Volkszeitung kündigt es am 25. August 1901 für Anfang November als Erstaufführung im Deutschen Volkstheater an, doch wurde es nicht gegeben. (Ö.V.Z., 47 (1901) #232, 13 (2 Kreuzer-Ausgabe: 18). Die Buchausgabe übergibt Bahr am 1. Dezember 1901 an das Ehepaar Hofmannsthal, ist also vordatiert.";http://books.google.com/books?id=1IGPWi-QvkIC;
HB-tv_monogr_12;1924;"1924";"Altweibersommer. Ein Liebesschwank in drei Aufzügen";10815;1049;;"Hermann Bahr: Altweibersommer. Ein Liebesschwank in drei Aufzügen. Berlin: Ahn & Simrock 1924 (53 Seiten).";"Nur als Bühnenmanuskript gedruckt sowie ein Abdruck in der Neuen Freien Presse.";books.google.at/books?id=Kko4GwAACAAJ;books.google.at/books?id=mJX0ZwEACAAJ
HB-tv_monogr_27;1920;"1920";"Ehelei. Lustspiel in drei Akten";10815;1049;;"Hermann Bahr: Ehelei. Lustspiel in drei Akten. Berlin: E. Reiss 1920 (94 Seiten).";"Am Anfang findet sich eine Anmerkung Bahrs, dass häufig Stellen gestrichen werden, die für ihn essenziell sind. Um in diesem Stück solche Streichungen zu vermeiden, hat er sie mit drei Klammern am Rand markiert.";https://anno.onb.ac.at/cgi-content/anno-buch?apm=0&aid=93;
HB-tv_monogr_36;1888;"1888";"La Marquesa d’Amaëgui. Eine Plauderei";10815;1049;;"Hermann Bahr: La Marquesa d’Amaëgui. Eine Plauderei. Zürich: J. Schabelitz 1888 (34 Seiten).";"Gedruckt Ende Mai 1888, im Juni 1888 in die Schweizer Nationalbibliografie aufgenommen. Als erste Besprechung führt die Verlagsanzeige am Ende von Bahrs »Großer Sünde« den »Deutschen Reichsanzeiger« vom 4. Juli 1888 an.";https://anno.onb.ac.at/cgi-content/anno-buch?apm=0&aid=40;
HB-tv_monogr_107;1923;"1923";"Die Verlobten. Eine mailändische Geschichte aus dem 17.
                     Jahrhundert. II. Ins Deutsche übertragen von Johanna Schuchter";5024;1049;;"Alessandro Manzoni: Die Verlobten. Eine mailändische Geschichte aus dem 17. Jahrhundert. II. Ins Deutsche übertragen von Johanna Schuchter. Hgg. Hermann Bahr und Ernst Kamnitzer. München: Theatiner-Verlag 1923 (465 Seiten) (Werke. 4).";"Von den geplanten 10 Bänden sind nur die Bände 3 - 6 erschienen";;
HB-tv_monogr_108;1923;"1923";"Die Verlobten. Eine mailändische Geschichte aus dem 17.
                     Jahrhundert. I. Ins Deutsche übertragen von Johanna Schuchter";5024;1049;;"Alessandro Manzoni: Die Verlobten. Eine mailändische Geschichte aus dem 17. Jahrhundert. I. Ins Deutsche übertragen von Johanna Schuchter. Hgg. Hermann Bahr und Ernst Kamnitzer. München: Theatiner-Verlag 1923 (460 Seiten) (Werke. 3).";"Von den geplanten 10 Bänden sind nur die Bände 3 - 6 erschienen";;
HB-tv_monogr_109;1923;"1923";"Betrachtungen über die katholische Moral. Ins Deutsche übertragen
                     von Franz Arens";5024;1049;;"Alessandro Manzoni: Betrachtungen über die katholische Moral. Ins Deutsche übertragen von Franz Arens. Hgg. Hermann Bahr und Ernst Kamnitzer. München: Theatiner-Verlag 1923 (544 Seiten) (Werke. 6).";"Von den geplanten 10 Bänden sind nur die Bände 3 - 6 erschienen. Von diesen gibt es jeweils eine numerierte Vorzugsausgabe auf Bütten von 250 Exemplaren.";;
HB-tv_monogr_110;1923;"1923";"Schriften zur Philosophie und Ästhetik. Ins Deutsche übertragen
                     von Franz Arens";5024;1049;;"Alessandro Manzoni: Schriften zur Philosophie und Ästhetik. Ins Deutsche übertragen von Franz Arens. Hgg. Hermann Bahr und Ernst Kamnitzer. München: Theatiner-Verlag 1923 (614 Seiten) (Werke. 5).";"Von den geplanten 10 Bänden sind nur die Bände 3 - 6 erschienen. Von diesen gibt es jeweils eine numerierte Vorzugsausgabe auf Bütten von 250 Exemplaren.";;
HB-tv_monogr_111;1898;"1898";"50 Jahre Hoftheater. Geschichte der beiden Wiener Hoftheater
                     unter der Regierungszeit des Kaisers Franz Joseph I. I. Unter Mitwirkung von
                     Hermann Bahr";10815;1224;;"Rudolph Lothar, Julius Stern: 50 Jahre Hoftheater. Geschichte der beiden Wiener Hoftheater unter der Regierungszeit des Kaisers Franz Joseph I. I. Unter Mitwirkung von Hermann Bahr. Wien: Steyrermühl 1898.";"";;
HB-tv_monogr_861;1887;"1887";"Österreichischer Arbeiterkalender auf das Jahr 1888";10815;1050;;"H–R: Die Arbeiter und die Cultur. In: Österreichischer Arbeiterkalender auf das Jahr 1888. Hg. Redaction des »Volksfreund« in Brünn. Wien: W. Jacobi 1887, S. 61–64.";"";https://bahr.univie.ac.at/sites/all/txt/buchbeitraege/1887_arbeiterkalender.pdf;
HB-tv_monogr_912;1913;"1913";"Aufruf für Arno Holz";10815;1224;;"Hermann Bahr, Hans Baluschek, Peter Behrens, Georg Brandes, Joseph Collin, Richard Dehmel, Ludwig Fulda, Cornelius Gurlitt, Maximilian Harden, Georg Hirth, Georg von Hülsen-Haefeler, Otto Eduard Lessing, Alfred Lichtwark, Max Liebermann, Paul Lindau, Ernst Mach, Heinrich Mann, Thomas Mann, Kurt von Mutzenbecher, Franz von Muncker, Hermann Muthesius, Wilhelm Ostwald, Joachim Gans Putlitz, Georg Reicke, Arthur Schnitzler, Franz Servaes, Hermann Sudermann, Henry Thode, Hans Thoma, Ferdinand Vetter, Siegfried Wagner, Eugen Wolff: Aufruf für Arno Holz. (1913).";"Der Aufruf kommt in Form eines in der Mitte des Querformats gefalteten losen Blatts, das auf der linken Seite eine Porträtfotografie Holz und ein Faksimile seiner Signatur, rechts den Aufruf zeigt. Im Nachlass Bahrs findet er sich unter den Briefen Arno Holz an Bahr eingeordnet (AM 18947 Ba). Von Holz ist darauf handschriftlich ergänzt »Meinem lieben alten Hermann Bahr mit aufrichtigst herzlichem Dank«. Unter der gedruckten Signatur noch ein handschriftliches Datum »26.IV.1913«. Am 25.4.1913 berichtet die Frankfurter Zeitung (#114, 1. Morgenblatt, 1), dass ein ein solcher Aufruf vom Kunstwart als Anlass genommen wurde, eine Zentralstelle einzurichten. Der Kunstwart selbst bringt den Aufruf ohne Autorennamen als »Für Arno Holz« in ihrem 2. Aprilheft (26 (1913), #14 (2. Aprilheft), 131–132. Der Aufruf ist nachgedruckt in der im gleichen Jahr erschienen Schrift Robert Reß’: Robert Ress: Arno Holz und seine künstlerische, weltkulturelle Bedeutung. Dresden: Reißner 1913, 5-6. Darin werden als »allerniederschmetterndstes« Ergebnis »einige tausend Mark« genannt. In einem Brief, den Arno Holz auf den Druckbogen eines »Zum Geleit« betitelten Blattes, das als loses Blatt in die Insel-Auflage des »Phantasus« eingelegt werden sollte, verfasst, nennt Holz den Aufruf »total missglückte Agitation zu meinem elenden ›50ten‹«.";;
HB-tv_monogr_913;1930;"1930";"Adolf Loos. Zum 60. Geburtstag am 10. Dezember 1930";10815;1050;;"Hermann Bahr, Anna Bahr-Mildenburg: [Adolf Loos].. In: Adolf Loos. Zum 60. Geburtstag am 10. Dezember 1930. Wien: Buchhandlung Richard Lanyi 1930, S. 8.";"";https://bahr.univie.ac.at/sites/all/txt/buchbeitraege/1930_adolf-loos.pdf;
HB-tv_monogr_967;1937;"1937";"Salzburger Landschaft. Aus Briefen an seine Frau Anna
                     Bahr-Mildenburg und aus seinen Tagebüchern. Mit Zeichnungen von Anton
                     Steinhart";10815;1049;;"Hermann Bahr: Salzburger Landschaft. Aus Briefen an seine Frau Anna Bahr-Mildenburg und aus seinen Tagebüchern. Mit Zeichnungen von Anton Steinhart. Hg. Ludwig Praehauser. Innsbruck, Leipzig: Felizian Rauch 1937 (54 Seiten).";"";;
HB-tv_monogr_972;1934;"1934";"Jahrbuch katholischer Dichter 1934. Mit 32 Bildnissen";10815;1050;;"Hermann Bahr: Aus dem »Selbstbildnis«. In: Jahrbuch katholischer Dichter 1934. Mit 32 Bildnissen. Hg. Hugo Hagn. Saarbrücken: Saarbrücker Druckerei 1934, S. 11–19.";"Mit einer Fotografie Bahrs. Auszug aus dem 19. Kapitel des »Selbstbildnis«.";;
HB-tv_monogr_973;1934;"1934";"Mensch, werde wesentlich. Gedanken aus seinen Werken. Auswahl von
                     Anna Bahr-Mildenburg. Anordnung von Paul Graf Thun-Hohenstein. Mit einem
                     Vorwort von Dr. Josef Nadler";10815;1049;;"Hermann Bahr: Mensch, werde wesentlich. Gedanken aus seinen Werken. Auswahl von Anna Bahr-Mildenburg. Anordnung von Paul Graf Thun-Hohenstein. Mit einem Vorwort von Dr. Josef Nadler. Graz: Styria 1934 (208 Seiten).";"Die im Archiv aufbewahrten Rezensionen datieren das Buch auf Weihnachten 1933. Es war bereits zu Bahrs Lebzeiten fertiggestellt, wie auch ein Exemplar mit seiner Unterschrift beweist.";http://books.google.com/books?id=QnM5AAAAMAAJ;
HB-tv_monogr_977;1933;"1933";"Gegen die Phrase vom jüdischen Schädling";10815;1050;;"Hermann Bahr: Zur Judenfrage. In: Gegen die Phrase vom jüdischen Schädling. Prag: Amboss 1933, S. 254–255.";"Im Vorwort wird erklärt, dass es sich bei dem Buch um die Sektion »Für und Wider« des Buchs »Der Jud ist schuld…?« handelt. Das Buch ist dementsprechend ident paginiert, beginnt aber nach einem unpaginierten Vorwort und einer Inhaltsangabe auf Seite 229 und endet auf S. 412.";https://bahr.univie.ac.at/sites/all/txt/buchbeitraege/1933_gegen-die-phrase_zur-judenfrage.pdf;
HB-tv_monogr_1049;1931;"1931";"Biographisches Lexikon des Landes Österreich ob der Enns.
                     Gelehrte, Schriftsteller und Künstler Oberösterreichs seit 1800";10815;1050;;"Hermann Bahr: Bahr, Hermann. In: Biographisches Lexikon des Landes Österreich ob der Enns. Gelehrte, Schriftsteller und Künstler Oberösterreichs seit 1800. Hgg. Ferdinand Krackowizer und Franz Berger. Passau, Linz: Institut für ostbairische Heimatforschung 1931, S. 13–14, hier: 13.";"Der Eintrag in dem Lexikon ist von Bahr selbst verfasst.";;
HB-tv_monogr_1068;1931;"1931";"Enrica Handel-Mazetti 60. Festschrift der »Katholischen
                     Schulblätter«";10815;1050;;"Hermann Bahr: [Enrica Handel-Mazzetti]. In: Enrica Handel-Mazetti 60. Festschrift der »Katholischen Schulblätter«. Linz: Oberösterreichische Lehrerakademie des Katholischen Landeslehrervereins für Oberösterreich 1931, S. 9.";"Erscheinungsjahr eigentlich [1931].";;
HB-tv_monogr_1153;1930;"1930";"Zu unserer Matura 1930";10815;1050;;"Hermann Bahr: [Prost!]. In: Zu unserer Matura 1930. Wien: Selbstverlag 1930, S. 5.";"Thomas Manns Antwort ist vermutlich die kürzestmögliche: »Den Abiturienten der Schottenfelder Oberrealschule in Wien mit guten Wünschen München, im Feber 1930.«";https://bahr.univie.ac.at/sites/all/txt/prospekte/1930_matura.pdf;
HB-tv_monogr_1170;1930;"1930";"Abreiß-Kalender meines Lebens";10815;1050;;"Hermann Bahr: Festgruß an Dreher. In: Abreiß-Kalender meines Lebens. München: Knorr & Hirth 1930, S. 9–10.";"";;
HB-tv_monogr_1173;1930;"1930";"Emil Ertl. Zum 70. Geburtstag. Eine Festschrift";10815;1050;;"Hermann Bahr: [Emil Ertl]. In: Emil Ertl. Zum 70. Geburtstag. Eine Festschrift. Leipzig: L. Staackmann 1930, S. 9.";"";;
HB-tv_monogr_1253;1929;"1929";"Theodor Herzl. A Memorial";10815;1050;;"Hermann Bahr: The Fateful Moment. The Birth of Herzl’s Zionism. In: Theodor Herzl. A Memorial. Hg. Meyer W. Weisgal. New York: The New Palestine 1929, S. 67–68.";"";https://bahr.univie.ac.at/sites/all/txt/buchbeitraege/1929_herzl.pdf;
HB-tv_monogr_1254;1929;"1929";"Ernst, Satire und tiefere Bedeutung/Ernst, Satire ohne tiefere
                     Bedeutung. Lessing-Almanach der Concordia/Faschingsrevue der Concordia";10815;1050;;"Hermann Bahr: Lessing im Urteil der Gegenwart. Dramatische Schriftsteller. In: Ernst, Satire und tiefere Bedeutung/Ernst, Satire ohne tiefere Bedeutung. Lessing-Almanach der Concordia/Faschingsrevue der Concordia. Wien: Verlag der Concordia 1929, S. 9.";"Die Rückseite des Buches ist zugleich die Vorderseite des jeweils anderen Teiles. Eins der drei in der Österreichischen Nationalbibliothek aufbewahrten Exemplare hat einen blauen Schuber, das es als Ballspende für den Concordia-Ball, 28.1.1929 ausweist.";https://bahr.univie.ac.at/sites/all/txt/buchbeitraege/1929_lessing.pdf;
HB-tv_monogr_1296;1929;"1929";"Die Hexe Drut";10815;1050;;"Hermann Bahr: Vorwort zur Neuauflage. In: Die Hexe Drut. Berlin: Sieben-Stäbe-Verlag 1929.";"Die Neuauflage von »Drut« als »Die Hexe Drut« bekam eine Einleitung von Lyonel Dunin. Sie wurde in der Reihe »Bücher der Epoche« mit 50.000 Stück aufgelegt und zu 2.85 Reichsmark vertrieben.";;
HB-tv_monogr_1300;1929;"1929";"Zeitgenossen über Herzl";10815;1050;;"Hermann Bahr: Herzls Tat. In: Zeitgenossen über Herzl. Hg. Tulo Nussenblatt. Brünn: Jüdischer Buch- und Kunstverlag 1929, S. 20–21.";"";https://bahr.univie.ac.at/sites/all/txt/buchbeitraege/1929_zeitgenossen-ueber-herzl.pdf;
HB-tv_monogr_1310;1929;"1929";"Das Buch des Gesamtverbandes Schaffender Künstler
                     Österreichs";10815;1050;;"Hermann Bahr: Goethedämmerung. In: Das Buch des Gesamtverbandes Schaffender Künstler Österreichs. Wien: Gesamtverband schaffender Künstler Österreichs 1929, S. 16–20.";"";https://bahr.univie.ac.at/sites/all/txt/buchbeitraege/1929_goethedaemmerung.pdf;
HB-tv_monogr_1315;1929;"1929";"Jahrbuch der Sektion für Dichtkunst";10815;1050;;"Hermann Bahr: [Politik und Dichtkunst]. In: Jahrbuch der Sektion für Dichtkunst. Berlin: S. Fischer 1929, S. 87–88.";"Im Archiv eine Korrekturfahne vom 6. April 1929. Der Titel »Politik und Dichtkunst« versammelt, nach einer kurzen Einleitung Oskar Loerkes’, Texte von Bahr, Theodor Däubler, Alfred Döblin, Ludwig Fulda, Ricarda Huch, Heinrich Mann, Walter von Molo und Jakob Wassermann, die alle durch die Beschlagnahme von Johannes R. Bechers »Levisite oder Der einzig gerechte Krieg« samt gerichtlicher Verfolgung des Verfassers zu ihren Stellungnahmen motiviert wurden.";;
HB-tv_monogr_1362;1928;"1928";"Selected Austrian Short Stories";10815;1050;;"Hermann Bahr: His Beautiful Wife. In: Selected Austrian Short Stories. Oxford, London: Oxford University Press, Humphrey Milford 1928, S. 280–290 (The Worlds Classics, CCCXXXVII).";"Übersetzung Marie Busch";;
HB-tv_monogr_1363;1928;"1928";"Das Goldene Buch der Jungen";10815;1050;;"Hermann Bahr: Weg und Ziel des deutschen Theaters. In: Das Goldene Buch der Jungen. Hg. Hans Bodenstedt. Berlin: Eigenbrödler 1928, S. 148–153.";"Eigentlich [1928].";;
HB-tv_monogr_1368;1928;"1928";"Die Wienerin im Spiegel der Jahrhunderte";10815;1050;;"Hermann Bahr: Die Metternich. In: Die Wienerin im Spiegel der Jahrhunderte. Hg. Raoul Auernheimer. Zürich, Leipzig, Wien: Amalthea 1928, S. 230–236.";"";https://bahr.univie.ac.at/sites/all/txt/buchbeitraege/1928_wienerin_die-metternich.pdf;
HB-tv_monogr_1369;1928;"1928";"Cromwell. Schauspiel in fünf Akten";10815;1050;;"Hermann Bahr: Geleitwort. In: Cromwell. Schauspiel in fünf Akten. Karlsruhe: C. F. Müller 1928, S. 87.";"Unterschrieben mit »München, 12. Februar 1928«";https://bahr.univie.ac.at/sites/all/txt/buchbeitraege/1928_siegrist-cromwell.pdf;
HB-tv_monogr_1373;1928;"1928";"Für Alfred Kerr. Ein Buch der Freundschaft";10815;1050;;"Hermann Bahr: [Alfred Kerr]. In: Für Alfred Kerr. Ein Buch der Freundschaft. Hg. Joseph Chapiro. Berlin: S. Fischer 1928, S. 93–94.";"Bahr schrieb seinen Text am 30.8.1927.";;
HB-tv_monogr_1376;1928;"1928";"Die Tante. Ein Lustspiel in drei Aufzügen";10815;1049;;"Hermann Bahr: Die Tante. Ein Lustspiel in drei Aufzügen. Berlin: Ahn & Simrock 1928 (31 Seiten).";"Ausschließlich als Bühnenmanuskript gedruckt.";;
HB-tv_monogr_1378;1928;"1928";"Himmel auf Erden. Ein Zwiegespräch. Mit 13 Illustrationen";10815;1049;;"Hermann Bahr: Himmel auf Erden. Ein Zwiegespräch. Mit 13 Illustrationen. München: Ars Sacra 1928 (45 Seiten) (Kleine Bücher für besinnliche Menschen, 1).";"Vordatiert auf 1928. Am 23. August 1927 wurde dem Verlag von Vik. Gen. abs. C. Degenbeck mitgeteilt, dass es von kirchlicher Seite keine offiziell anzuführende Druckerlaubnis gäbe, aber vom theologischen Standpunkt auch nichts gegen eine Veröffentlichung spräche.";https://anno.onb.ac.at/cgi-content/anno-buch?apm=0&aid=103;
HB-tv_monogr_1555;1927;"1927";"Wien geschildert von Künstlern der Feder und des Stiftes. Ein
                     Heimatbuch für Schule und Haus. Dritter Teil. Wiener Alltag. (Leute und
                     Bräuche)";10815;1050;;"Hermann Bahr: Girardi. In: Wien geschildert von Künstlern der Feder und des Stiftes. Ein Heimatbuch für Schule und Haus. Dritter Teil. Wiener Alltag. (Leute und Bräuche). Hg. Edgar Weyrich. Wien, Berlin, Leipzig, New York: Deutscher Verlag für Jugend & Volk 1927, S. 33–36.";"Dazwischen ein Bild Girardis als Weigel in »Mein Leopold« aus der Österreichischen Nationalbibliothek. Vorlage ist das Hermann-Bahr-Buch.";;
HB-tv_monogr_1556;1927;"1927";"Hermann Bahr";10815;1049;;"Hermann Bahr: Hermann Bahr. Feldafing: Hans Carl 1927 (Stimmen über das Werk von Rudolf Pannwitz).";"Eigtl. [1927]. Der Broschüre: Paul Wegwitz: Einführung in das Werk von Rudolf Pannwitz. Feldafing: Hans Carl [1927]. als Faltblatt beigelegt. Der Aufsatz Wegwitz‹ ist mit »November 1927« datiert. Auf dem Faltblatt sind neben Bahr Theodor Däubler, Alexander von Gleichen-Russwurm, Graf Hermann Keyserling, Stefan Zweig, Rudolf Paulsen, Albert Soergel, sowie die Publikationsorgane: Vossische Zeitung (Karl Scheffler), Frankfurter Zeitung (Werner Mahrholz), Der Tag (Johannes Schlaf), Münchner Neueste Nachrichten Die neue Rundschau, Die schöne Literatur und Die Tat zititert. Das Zitat Bahrs stammt aus dem »Tagebuch« Bahrs zum 8. November 1917, Buchausgabe S. 207.";https://bahr.univie.ac.at/sites/all/txt/prospekte/1927_pannwitz.pdf;
HB-tv_monogr_1563;1927;"1927";"Wiederbegegnung von Kirche und Kultur in Deutschland. Eine Gabe
                     für Karl Muth";10815;1050;;"Hermann Bahr: Im Zeichen Weimars. In: Wiederbegegnung von Kirche und Kultur in Deutschland. Eine Gabe für Karl Muth. Hgg. Max Ettlinger, Philipp Funk und Friedrich Fuchs. München: Josef Kösel & Friedrich Pustet 1927, S. 287–291.";"";https://bahr.univie.ac.at/sites/all/txt/buchbeitraege/1927_gabe-fuer-karl-muth_im-zeichen-weimars.pdf;
HB-tv_monogr_1564;1927;"1927";"Moissi. Der Mensch und der Künstler in Worten und Bildern. Mit 40
                     Beiträgen von namhaften Persönlichkeiten der internationalen Kunstwelt. Drei
                     kleinen Aufsätzen von Alexander Moissi. Zeichnungen von Emil Orlik, Henrik Lund
                     und Kapralik u. 104 photographischen Abbildungen";10815;1050;;"Hermann Bahr: [Alexander Moissi]. In: Moissi. Der Mensch und der Künstler in Worten und Bildern. Mit 40 Beiträgen von namhaften Persönlichkeiten der internationalen Kunstwelt. Drei kleinen Aufsätzen von Alexander Moissi. Zeichnungen von Emil Orlik, Henrik Lund und Kapralik u. 104 photographischen Abbildungen. Hg. Hans Böhm. Berlin: Eigenbrödler 1927, S. 49.";"";;
HB-tv_monogr_1565;1927;"1927";"Almanach des Paul List Verlages auf das Jahr 1928. Mit 8
                     Lichtdrucktafeln";10815;1050;;"Hermann Bahr: Shakespeareübersetzung. In: Almanach des Paul List Verlages auf das Jahr 1928. Mit 8 Lichtdrucktafeln. Hg. Hans Rothe. Leipzig: Paul List 1927, S. 18–25.";"";https://bahr.univie.ac.at/sites/all/txt/buchbeitraege/1927_almanach-list_shakespeareuebersetzungen.pdf;
HB-tv_monogr_1566;1927;"1927";"Agnes Sorma. Ein Gedenkbuch. Zeugnisse ihres Lebens und ihrer
                     Kunst";10815;1050;;"Hermann Bahr: Wiener Gastspiel. In: Agnes Sorma. Ein Gedenkbuch. Zeugnisse ihres Lebens und ihrer Kunst. Hg. Julius Bab. Heidelberg: Niels Kampmann 1927, S. 47.";"Am 9.4.1927 schreibt Julius Bab an Bahr, ob er nichts zu Agnes Sorma geschrieben habe oder schreiben wolle, er (Bab) stelle nämlich gerade ein Erinnerungsbuch an sie zusammen. Am 14. April bedankt er sich, dass er Verwendbares erhalten habe.";;
HB-tv_monogr_1572;1927;"1927";"Der Zauberstab. Tagebücher 1924 bis 1926";10815;1049;;"Hermann Bahr: Der Zauberstab. Tagebücher 1924 bis 1926. Hildesheim: F. Borgmeyer 1927 (388 Seiten).";"Eigentlich [1927].";http://catalog.hathitrust.org/Record/001191402;
HB-tv_monogr_1573;1927;"1927";"Ludovik. Erzählung";10815;1050;;"Hermann Bahr: Nachwort. In: Ludovik. Erzählung. Hg. Ernest Hello. Leipzig: Insel 1927, S. 52–62 (Inselbücherei, 264).";"Die Übertragung stammt von Hans Kauders";https://bahr.univie.ac.at/sites/all/txt/buchbeitraege/1927_hello.pdf;
HB-tv_monogr_1574;1927;"1927";"Julius Meier-Graefe. Widmungen zu seinem 60. Geburtstage";10815;1050;;"Hermann Bahr: Vom Sehen. In: Julius Meier-Graefe. Widmungen zu seinem 60. Geburtstage. München, Berlin, Wien: Piper, Rowohlt, Zsolnay 1927, S. 12–14.";"Im Archiv: Druckfahne.";;
HB-tv_monogr_1592;1927;"1927";"Österreichs Dichterbuch. Festgabe österreichischer Dichter an den
                     Deutschen Schulverein Südmark";10815;1050;;"Hermann Bahr: Landschaft und Dichtung. In: Österreichs Dichterbuch. Festgabe österreichischer Dichter an den Deutschen Schulverein Südmark. Hg. Joseph Papesch. Graz: Verlag der Alpenland-Buchhandlung Südmark 1927, S. 25–26.";"";;
HB-tv_monogr_1612;1926;"1926";"Almanach des Oberösterreichischen Künstlerbundes
                     »März«";10815;1050;;"Hermann Bahr: Das Bauernkind. In: Almanach des Oberösterreichischen Künstlerbundes »März«. Linz: »März« 1926, S. 16–21.";"Im Nachlass Bahrs ein Brief (AM 21623 Ba) des Künstlerbunds, das das Erscheinen rechtzeitig zum Jänner 1927 ankündigt.";;
HB-tv_monogr_1636;1926;"1926";"Sänger und Prophet. Gedenkblätter zum 70. Geburtstag des Dichters
                     Franz Eichert (11. Februar 1927)";10815;1050;;"Hermann Bahr: Stimmen berühmter Zeitgenossen über das Werk und die Persönlichkeit Franz Eicherts. In: Sänger und Prophet. Gedenkblätter zum 70. Geburtstag des Dichters Franz Eichert (11. Februar 1927). Hgg. Bundesleitungen der katholischen deutschen Jugendverbände Österreichs und der Tschechoslowakei, Hans Scheffel, Eduard Schlusche und Alfred Stachelberger. Innsbruck, Wien, München: Tyrolia 1926, S. 164 (Schriftenreihe: »Franz Eicherts Lebenswerk«, 2).";"Die Korrespondenz dazu im Nachlass Bahrs von Eduard Schlusche.";;
HB-tv_monogr_1654;1926;"1926";"Verkannte Dichter unter uns? Eine Rundfrage";10815;1050;;"Hermann Bahr: Hermann Bahr (München). In: Verkannte Dichter unter uns? Eine Rundfrage. Hg. Eduard Korrodi. Zürich: Buchdruckerei Neue Zürcher Zeitung 1926, S. 17–18 (, 56).";"Die Umfrage von Eduard Korrodi wurde auch als Broschüre gedruckt. Teilgenommen haben weiters: Thomas Mann, Hugo von Hofmannsthal, Jakob Schaffner, Heinrich Federer, Fritz Strich, Carl Sternheim, Heinrich Mann, Robert Faesi, Hermann Hesse, Thomas Mann, Adolf Koelsch, Rudolf Alexander Schröder, Wilhelm von Scholz, René Schickele, Johannes Schlaf, Josef Winckler, Stefan Zweig, Robert Walser, Michael Georg Conrad, Raoul Auernheimer und Wilhelm Schäfer";;
HB-tv_monogr_1667;1926;"1926";"Eleonora Duse. Bildnisse und Worte";10815;1050;;"Hermann Bahr: [Aus ›Glossen‹ und ›Selbstbildnis‹]. In: Eleonora Duse. Bildnisse und Worte. Hgg. Bianca Segantini und Francesco von Mendelssohn. Berlin: Rudolf Kaemmerer 1926, S. 11–31.";"Folgende Texte Bahrs sind (auszugsweise) wiedergegeben: 11–16 Die Duse (Als Gast im Carl-Theater vom 31. März bis 8. April 1903.- – Aus »Glossen«) 16–19 Auszug aus »Selbstbildnis« 19-21 (Die tote Stadt. 1. April 1903. – Aus »Glossen«) 21-23 (Francesca da Rimini. 4. April 1903. – Aus »Glossen«) 23-24 (Cameliendame. 7. Oktober 1904. – Aus »Glossen«) 24-26 (Monna Vanna. 10. Oktober 1904. Aus »Glossen«) 26 (Heimat. 11. Oktober 1904. Aus »Glossen«) 26-29 (Wieder Cameliendame. 11. Januar 1905. Aus »Glossen«) 29-31 (Hedda Gabler. 15. Januat 1905. Aus »Glossen«)";;
HB-tv_monogr_1668;1926;"1926";"40 deutsche Gelehrte, Politiker, Schriftsteller und Künstler
                     urteilen über die Buchorganisation »Deutsche Volkheit«";10815;1049;;"Hermann Bahr: 40 deutsche Gelehrte, Politiker, Schriftsteller und Künstler urteilen über die Buchorganisation »Deutsche Volkheit«. Jena: Diederichs 1926 (17 Seiten).";"Geheftete Beilage zu: »Das deutsche Gesicht. Ein Weg zur Zukunft.«, im Umschlag ergänzt um: »Zum XXX. Jahr des Verlages Eugen Diederichs in Jena«. Jena: Diederichs 1926. Bahr wird falsch als »Schriftsteller in Salzburg« bezeichnet.";https://bahr.univie.ac.at/sites/all/txt/prospekte/1926_diederichs.pdf;
HB-tv_monogr_1673;1926;"1926";"HundertfünfzigJahre Burgtheater. 1776–1926. Eine
                     Festschrift";10815;1050;;"Hermann Bahr: Autoren des Burgtheaters zum Jubiläum. In: HundertfünfzigJahre Burgtheater. 1776–1926. Eine Festschrift. Hg. Direktion des Burgtheaters. Wien: Krystall 1926, S. 71–79, hier 71–72.";"Weitere Antworten von: Egon Friedell, Ludwig Fulda, Georg Hirschfeld, Hugo von Hofmannsthal, H.-R. Lenormand, Heinrich Mann, Franz Molnár, Hans Müller, Anton Wildgans.";https://bahr.univie.ac.at/sites/all/txt/buchbeitraege/1926_burgtheater-autoren.pdf;
HB-tv_monogr_1674;1926;"1926";"Hundertfünfzig Jahre Burgtheater. 1776–1926. Eine
                     Festschrift";10815;1050;;"Hermann Bahr: Direktion des Burgtheaters. In: Hundertfünfzig Jahre Burgtheater. 1776–1926. Eine Festschrift. Hg. Direktion des Burgtheaters. Wien: Krystall 1926, S. 22–26.";"";https://bahr.univie.ac.at/sites/all/txt/buchbeitraege/1926_direktion.pdf;
HB-tv_monogr_1675;1926;"1926";"Das Burgtheater im Wandel der Zeiten. Kleine Bausteine zur
                     Geschichte dieser Kunststätte";10815;1050;;"Hermann Bahr: Vorwort. In: Das Burgtheater im Wandel der Zeiten. Kleine Bausteine zur Geschichte dieser Kunststätte. Wien: Paul Knepler 1926, S. 5–8.";"";https://bahr.univie.ac.at/sites/all/txt/buchbeitraege/1926_burgtheater.pdf;
HB-tv_monogr_1680;1926;"1926";"Notizen zur neueren spanischen Literatur";10815;1049;;"Hermann Bahr: Notizen zur neueren spanischen Literatur. Berlin: G. Stilke 1926 (57 Seiten) (Schriftenreihe der »Preußischen Jahrbücher«, 20, 20).";"Die früheste im Archiv aufbewahrte Besprechung erschien in der Abend-Ausgabe des 12. August 1926 von Germania, Berlin.";http://www.univie.ac.at/bahr/sites/all/ks/16-burg-schauspiel-spanisch.pdf;
HB-tv_monogr_1686;1926;"1926";"Joseph Victor von Scheffel im Lichte seines hundertsten
                     Geburtstages. Eine Huldigung deutscher Dichter und Schriftsteller";10815;1050;;"Hermann Bahr: [Joseph Victor von Scheffel]. In: Joseph Victor von Scheffel im Lichte seines hundertsten Geburtstages. Eine Huldigung deutscher Dichter und Schriftsteller. Hg. Scheffel-Museum in Mattsee-Salzburg. Stuttgart: Adolf Bonz 1926, S. 12.";"";;
HB-tv_monogr_2228;1924;"1924";"Josef Kainz-Gedenkbuch";10815;1050;;"Hermann Bahr: Kainz als Vorleser. In: Josef Kainz-Gedenkbuch. Hg. Benno Deutsch (Josef-Kainz-Grab-Fonds). Wien: Frisch & Co. 1924, S. 41–45.";"»Mit Genehmigung des Verlages Albert Langen in München aus dem Buche ›Premièren‹ von Hermann Bahr.« Angekündigt mit Bestelladresse (Benno Deutsch, Wien IV, Schwindgasse 3) in der Vossischen Zeitung, 1924 #428, Morgen-Ausgabe, 3 (9.9.1924), rezensiert von Arthur Eloesser ebd. #502, Morgen-Ausgabe, 2 (22.10.1924).";;
HB-tv_monogr_2247;1924;"1924";"Novellen. Band 48";10815;1050;;"Hermann Bahr: Altweibersommer. Ein Liebessschwank in drei Aufzügen. In: Novellen. Band 48. Wien: Österreichische Journal-A.G. 1924, S. 67–138.";"";;
HB-tv_monogr_2248;1924;"1924";"Max Reinhardt and his Theatre. Translations from the german by
                     Mariele S. Gudernatsch and Others";10815;1050;;"Hermann Bahr: The Spiritual Sources of Reinhardt. In: Max Reinhardt and his Theatre. Translations from the german by Mariele S. Gudernatsch and Others. Hg. Oliver M. Sayler. New York: Brentano’s 1924, S. 28–43.";"Bahrs Text: English Translation by Mrs. Frank E. Washburn-Freund. Eine Einleitung erklärt, warum the »genial, conversational, shaggy-headed Hermann Bahr« der richtige ist, die Anfänge Reinhardts darzustellen. Weitere Beiträge v. Hugo von Hofmannsthal, Arthur Kahane, Gertrud Eysoldt, Richard Beer-Hofmann, Ernst Deutsch, Julius Bab, Alfred Roller, Heinz Herald, Rudolf Borchardt, Maximilian Harden u. a. Rezension in: The Times Literary Supplement, 15.5.1924, 301.";https://bahr.univie.ac.at/sites/all/txt/buchbeitraege/1924_reinhardt.pdf;
HB-tv_monogr_2259;1924;"1924";"Hermann Stehr. Sein Werk und seine Welt";10815;1050;;"Hermann Bahr: Fragment über Stehr. In: Hermann Stehr. Sein Werk und seine Welt. Hg. Wilhelm Meridies. Habelschwerdt: Frankes Buchhandlung 1924, S. 165–166.";"Bahr schickte seinen Beitrag am 29.11.1923 an Meridies. Die Publikation erschien zu Stehrs 60. Geburtstag.";https://bahr.univie.ac.at/sites/all/txt/buchbeitraege/1924_stehr.pdf;
HB-tv_monogr_2267;1924;"1924";"Jahrbuch der Neuen Freien Presse 1925";10815;1050;;"Hermann Bahr: Die Wacht am Wort. In: Jahrbuch der Neuen Freien Presse 1925. Hg. Dr. Julius Sternberg. Wien: Österreichische Journal-Aktiengesellschaft 1924, S. 12–15.";"Erscheinungsjahr eigentlich [1924]. Die Druckfahne im Archiv ist mit 22.7.1924 datiert.";https://bahr.univie.ac.at/sites/all/txt/neue-freie-presse/1924_jahrbuch_wacht-am-wort.pdf;
HB-tv_monogr_2272;1924;"1924";"Navigare necesse est. Eine Festgabe für Anton Kippenberg zum
                     zweiundzwanzigsten Mai MCMXXIV";10815;1050;;"Hermann Bahr: Spiegelungen. In: Navigare necesse est. Eine Festgabe für Anton Kippenberg zum zweiundzwanzigsten Mai MCMXXIV. Leipzig: Spamer 1924, S. 47–49.";"";;
HB-tv_monogr_2298;1923;"1923";"Österreichische Maler der Gegenwart";10815;1050;;"Hermann Bahr: [Einleitung]. In: Österreichische Maler der Gegenwart. Thyrsos 1923.";"Die Briefe, die aus der Zeit von Jänner bis April 1923 von Friedrich Hübsch im Nachlass Bahrs überliefert sind, geben Auskunft, dass ein Bildband mit dem Titel »Österreichische Maler der Gegenwart« bereits bis zum Bürstenabzug fertiggestellt war. Die Malerin Frieda Salvendy beklagt sich, dass Frauen ausgeschlossen seien, dem wird heftig widersprochen. Warum das Buch nicht erschien, ist unklar.";;
HB-tv_monogr_2468;1923;"1923";"Arno Holz und sein Werk. Deutsche Stimmen zu seinem 60.
                     Geburtstage";10815;1050;;"Hermann Bahr: [Arno Holz]. In: Arno Holz und sein Werk. Deutsche Stimmen zu seinem 60. Geburtstage. Hgg. Ferdinand Avenarius, Max Liebermann und Max von Schillings. Berlin: Werk-Verlag 1923, S. 49–50.";"Arno Holz‹ Reaktion auf die Besprechung am 4. Dezember 1923 in der Königsberger Hartungschen Zeitung druckt das Neue Wiener Journal am 21. Dezember 1923 (#10808, 4-5) aus der gleichen Zeitung nach.";;
HB-tv_monogr_2470;1923;"1923";"Oscar A. H. Schmitz zum fünfzigsten Geburtstage. Mit einer
                     Selbstbiographie des Dichters und einem Horoskop sowie Beiträgen von Hugo von
                     Hofmannsthal / Hermann Bahr / Thomas Mann / Stefan Zweig / Hermann Hesse / Graf
                     Keyserling";10815;1050;;"Hermann Bahr: Oscar A. H. Schmitz zum 50. Geburtstage. In: Oscar A. H. Schmitz zum fünfzigsten Geburtstage. Mit einer Selbstbiographie des Dichters und einem Horoskop sowie Beiträgen von Hugo von Hofmannsthal / Hermann Bahr / Thomas Mann / Stefan Zweig / Hermann Hesse / Graf Keyserling. München: Georg Müller 1923, S. 8–10.";"";https://bahr.univie.ac.at/sites/all/txt/buchbeitraege/1923_schmitz.pdf;
HB-tv_monogr_2477;1923;"1923";"Goethes sämtliche Werke. X. Jugendprosa. Kleine Romane und
                     Novellen";10815;1050;;"Hermann Bahr: Goethes Jugendprosa. In: Goethes sämtliche Werke. X. Jugendprosa. Kleine Romane und Novellen. Hgg. Curt Noch und Paul Wiegler. Berlin: Ullstein 1923, S. 9–36.";"Eigentlich [1923], hat Bahr den Text bereits am 18. August 1913 fertiggestellt (Bahr/Redlich, 88).";;
HB-tv_monogr_2611;1922;"1922";"Briefe von Josef Kainz. Mit einem Vorwort";10815;1050;;"Hermann Bahr: Vorwort. In: Briefe von Josef Kainz. Mit einem Vorwort. Hg. Hermann Bahr. Wien, Berlin, Leipzig, München: Rikola 1922, S. 5–12.";"";;
HB-tv_monogr_2741;1922-09-01;"1.9.1922";"Undeutsch";10815;1049;;"Hermann Bahr: Undeutsch. (1.9.1922) (Korrespondenz Dr. Billig drb, Berlin SW. 11).";"In Bahrs Nachlass findet sich, bei den Zeitungsausschnitten eingeordnet, auch dieser Matrizenabzug einer Schreibmaschinenfassung des Texts. Als Kopf hat das Blatt »Probleme der Gegenwart« stehen, was die die Unterschiede in der Titelwahl der Abdrucke erklären dürfte.";;
HB-tv_monogr_2761;1922;"1922";"Wien geschildert von Künstlern der Feder und des Stiftes. Ein
                     Heimatbuch für Schule und Haus. Erster Teil. Wiener Schicksale. Geschehnisse
                     und Gestalten aus Wiens Werdegang. I. Bändchen. Vom Uranfang bis zur
                     Stadt";10815;1050;;"Hermann Bahr: Wiens Stadtrecht. In: Wien geschildert von Künstlern der Feder und des Stiftes. Ein Heimatbuch für Schule und Haus. Erster Teil. Wiener Schicksale. Geschehnisse und Gestalten aus Wiens Werdegang. I. Bändchen. Vom Uranfang bis zur Stadt. Hg. Edgar Weyrich. Wien: Deutscher Verlag für Jugend & Volk 1922, S. 57–59.";"";;
HB-tv_monogr_2762;1922;"1922";"Meister des Stils über Sprach- und Stillehre. Beiträge
                     zeitgenössischer Dichter und Schriftsteller zur Erneuerung des
                     Aufsatzunterrichts";10815;1050;;"Hermann Bahr: [Beitrag]. In: Meister des Stils über Sprach- und Stillehre. Beiträge zeitgenössischer Dichter und Schriftsteller zur Erneuerung des Aufsatzunterrichts. Hg. Wilhelm Schneider. Leipzig, Berlin: Teubner 1922, S. 7.";"Unter Bahrs Namen steht: »Salzburg. Geboren in Linz (Deutschösterreich) 1863«. Bahrs Rezension des Buches im »Tagebuch« vom 6. Dezember 1921 (Liebe der Lebenden, I, 369-374.";;
HB-tv_monogr_2775;1922;"1922";"Insel-Almanach auf das Jahr 1923";10815;1050;;"Hermann Bahr: Das alte Wahre. In: Insel-Almanach auf das Jahr 1923. (1922), S. 127–133.";"Nachdruck aus »Sendung des Künstlers«.";;
HB-tv_monogr_2776;1922;"1922";"Wila-Almanach 1922/1923";10815;1050;;"Hermann Bahr: Schule der Weisheit. In: Wila-Almanach 1922/1923. Wien, Leipzig: Wiener Literarische Anstalt 1922, S. 40–45.";"";https://bahr.univie.ac.at/sites/all/txt/buchbeitraege/1922_wila.pdf;
HB-tv_monogr_2780;1922-08;"August 1922";"Das Schauspielergesetz. Festschrift";10815;1050;;"Hermann Bahr: Theatergesetz. In: Das Schauspielergesetz. Festschrift. Wien: Deutschösterreichischer Bühnenverein August 1922 (1–2 Seiten).";"Der Artikel ist datiert mit »München, 19.7.1922«.";;
HB-tv_monogr_2785;1922;"1922";"Fünfzig Handzeichnungen";10815;1050;;"Hermann Bahr: Vorwort. In: Fünfzig Handzeichnungen. Hg. Gustav Klimt. Wien, Leipzig: Thyrsos 1922, S. [2–7].";"In 375 Exemplaren, die Mappen I-XXV wurden von Hermann Bahr signiert. (Das Exemplar der Wienbibliothek im Rathaus, 198106-B, ist nicht numeriert.) Vgl. den Brief Friedrich Ernst Hübsch‹ im Nachlass Bahrs vom 2. August 1922, worin er um die Unterschriften für 25-30 Stück bittet.";;
HB-tv_monogr_2788;1922;"1922";"Mit Gerhart Hauptmann. Erinnerungen und Bekenntnisse aus seinem
                     Freundeskreis";10815;1050;;"Hermann Bahr: In Erwartung Hauptmanns. In: Mit Gerhart Hauptmann. Erinnerungen und Bekenntnisse aus seinem Freundeskreis. Hg. Walter Heynen. Berlin: Georg Stilke 1922, S. 34–68.";"";https://bahr.univie.ac.at/sites/all/txt/buchbeitraege/1922_mit-gerhart-hauptmann.pdf;
HB-tv_monogr_2792;1922;"1922";"Heinrich Lammasch. Seine Aufzeichnungen, sein Wirken und sein
                     Politik";10815;1050;;"Hermann Bahr: Sein Wesen. In: Heinrich Lammasch. Seine Aufzeichnungen, sein Wirken und sein Politik. Hgg. Marga Lammasch und Hans Sperl. Wien: Deuticke 1922, S. 5–9.";"Josef Redlich hatte das Buch schon im Dezember 1921 in den Händen";https://bahr.univie.ac.at/sites/all/txt/buchbeitraege/1922_lammasch.pdf;
HB-tv_monogr_2958;1921;"1921";"Zehn Jahre Neues Theater zu Frankfurt a. M.";10815;1050;;"Hermann Bahr: Vom Festspiel – zur Festschrift. In: Zehn Jahre Neues Theater zu Frankfurt a. M.. Hg. Heinrich Schmitt. Frankfurt/Main: Voigt & Gleiber 1921, S. 16.";"";;
HB-tv_monogr_3020;1921;"1921";"Maximilian Harden. Zum 20. Oktober 1921. 1861–1921";10815;1050;;"Hermann Bahr: [Maximilian Harden]. In: Maximilian Harden. Zum 20. Oktober 1921. 1861–1921. Berlin: Erich Reiss 1921, S. 5–6.";"";https://bahr.univie.ac.at/sites/all/txt/buchbeitraege/1921_maximilian-harden.pdf;
HB-tv_monogr_3031;1921;"1921";"Das Altenbergbuch";10815;1050;;"Hermann Bahr: Das erste und das letzte Wort. In: Das Altenbergbuch. Hg. Egon Friedell. Leipzig, Wien, Zürich: Verlag der Wiener Graphischen Werkstätte 1921, S. 125–142.";"";https://bahr.univie.ac.at/sites/all/txt/buchbeitraege/1921_altenbergbuch.pdf;
HB-tv_monogr_3036;1921;"1921";"Das Leben Ferdinand Hodlers. Mit fünfunddreißig farbigen Bildern
                     auf 16 Tafeln und drei Beiträgen von H. B., Robert Breuer und Philipp
                     Modrow";10815;1050;;"Hermann Bahr: Ferdinand Hodler als deutscher Maler. In: Das Leben Ferdinand Hodlers. Mit fünfunddreißig farbigen Bildern auf 16 Tafeln und drei Beiträgen von H. B., Robert Breuer und Philipp Modrow. Zürich: Rascher 1921, S. 50–51.";"1.–10. Tsd. 11.–17. Tsd. 1922";https://bahr.univie.ac.at/sites/all/txt/buchbeitraege/1921_ferdinand-hodler.pdf;
HB-tv_monogr_3049;1921;"1921";"Traum im Tag";10815;1050;;"Hermann Bahr: Vorwort. In: Traum im Tag. Hg. Karl Christian Reh. Leipzig: Philipp Reclam jun. 1921, S. 3–6.";"";https://bahr.univie.ac.at/sites/all/txt/buchbeitraege/1921_reh_traum-im-tag_vorwort.pdf;
HB-tv_monogr_3334;1920;"1920";"Vergangenheit und Gegenwart. Kulturhistorischer Abreißkalender
                     für das Jahr 1921";10815;1050;;"Hermann Bahr: [Beitrag]. In: Vergangenheit und Gegenwart. Kulturhistorischer Abreißkalender für das Jahr 1921. Hg. Johannes Eckardt. Innsbruck, Wien, München, Bozen: Tyrolia 1920.";"Anzeige für den Kalender in: Das Neue Reich, 3 (1920) #6, 124. (7.11.1920) Der Kalender selbst konnte in keiner Bibliothek nachgewiesen werden.";;
HB-tv_monogr_3374;1920;"1920";"Almanach des Deutschen Volkstheaters auf das Jahr 1920. Direktion
                     Alfred Burman. Auf das Jahr 1920 zugunsten der Pensionsanstalt der
                     Mitglieder";10815;1050;;"Hermann Bahr: Hanswurst oder Literat. In: Almanach des Deutschen Volkstheaters auf das Jahr 1920. Direktion Alfred Burman. Auf das Jahr 1920 zugunsten der Pensionsanstalt der Mitglieder. Hgg. Heinrich Glücksmann und Friedrich Rosenthal. Leipzig, Wien, Zürich: E. P. Tal 1920, S. 48–49.";"";https://bahr.univie.ac.at/sites/all/txt/buchbeitraege/1920_volkstheater.pdf;
HB-tv_monogr_3386;1920;"1920";"Wila-Almanach auf das Jahr 1921";10815;1050;;"Hermann Bahr: Einleitung. In: Wila-Almanach auf das Jahr 1921. Wien, Leipzig: Wiener Literarische Anstalt 1920, S. 15–20.";"";https://bahr.univie.ac.at/sites/all/txt/buchbeitraege/1920_wila.pdf;
HB-tv_monogr_3679;1919;"1919";"Zur Vertiefung des Sozialismus";10815;1050;;"Hermann Bahr: Dilemma: Deutsches Sittengesetz oder Ordnung Gottes. In: Zur Vertiefung des Sozialismus. Leipzig: Der Neue Geist 1919, S. 76–83.";"";https://bahr.univie.ac.at/sites/all/txt/buchbeitraege/1919_plenge.pdf;
HB-tv_monogr_3680;1919;"1919";"Zur Vertiefung des Sozialismus";10815;1050;;"Hermann Bahr: Zwischenfrage. In: Zur Vertiefung des Sozialismus. Leipzig: Der Neue Geist 1919, S. 72–73.";"Ein Brief Bahrs an Plenge, worin dieser auf die ebenfalls briefliche Reaktion Plenges auf seinen Aufsatz »Ideen von 1914« eingeht. Datiert vom 5.3.1917";https://bahr.univie.ac.at/sites/all/txt/buchbeitraege/1919_plenge.pdf;
HB-tv_monogr_3681;1919;"1919";"Zur Vertiefung des Sozialismus";10815;1050;;"Hermann Bahr: Ideen von 1914. Eine Abwandlung des Themas. In: Zur Vertiefung des Sozialismus. Leipzig: Der Neue Geist 1919, S. 38–66.";"";https://bahr.univie.ac.at/sites/all/txt/buchbeitraege/1919_plenge.pdf;
HB-tv_monogr_3702;1919;"1919";"Ich singe das Leben. Übertragung dieser Auswahl von Max
                     Hayek.";10815;1050;;"Hermann Bahr: [Einleitender Aufsatz]. In: Ich singe das Leben. Übertragung dieser Auswahl von Max Hayek.. Leipzig, Wien: E. P. Tal 1919, S. 5–14.";"Unterschrieben mit: »Wien, 26. Februar 1919«. Eine im Archiv aufbewahrte Rezension erschien am 17. Juli 1919.";https://bahr.univie.ac.at/sites/all/txt/buchbeitraege/1919_whitman_ich-singe-das-leben.pdf;
HB-tv_monogr_3703;1919;"1919";"Adalbert Stifter. Eine Entdeckung";10815;1049;;"Hermann Bahr: Adalbert Stifter. Eine Entdeckung. Wien: Amalthea 1919 (48 Seiten) (Amalthea-Bücherei, 1).";"Vordatiert auf 1919, es wird im Amalthea-Almanach auf das Jahr 1919 [erschienen 1918] als verfügbar ausgewiesen. Rezensionen ab dem 10.1.1919. Das Antiquariat Meindl & Sulzmann verkauft (16.2.2012) ein Exemplar mit handschriftlicher Widmung Bahrs an Albert Heine, datiert »14.1.19«.";https://anno.onb.ac.at/cgi-content/anno-buch?apm=0&aid=90;http://archive.org/search.php?query=bahr%20stifter%20AND%20mediatype%3Atexts
HB-tv_monogr_3896;1918;"1918";"Die Standarte. Ein Almanach";10815;1050;;"Hermann Bahr: Max Scheler. In: Die Standarte. Ein Almanach. Hg. Hanns Heinrich Bormann. Saarlouis: Hausen 1918, S. 231–252.";"";;
HB-tv_monogr_3905;1918;"1918";"Das Werk von Gustav Klimt. Einleitende Worte: Hermann Bahr, Peter
                     Altenberg";10815;1050;;"Hermann Bahr: Klimt. In: Das Werk von Gustav Klimt. Einleitende Worte: Hermann Bahr, Peter Altenberg. Wien, Leipzig: Hugo Heller 1918, S. [o.P., 1–4].";"Bahr schickte den Text am 27.9.1917 an Hugo Heller. »Dieses Werk wurde in einer einmaligen numerierten Auflage von 300 Exemplaren von der kaiserlich-königlichen Hof- und Staatsdruckerei zu Wien in Heliogravure und Farbenlichtdruck unter Aufsicht des Künstlers gedruckt. Die Kassette ist vom Buchbinder Julius Dratwa in Wien hergestellt. Den Exemplaren I bis XXXV wurde eine Originalhandzeichnung von Gustav Klimt beigegeben ...« Bahrs Text ist am Ende datiert mit »Salzburg, September 1917«.";https://bahr.univie.ac.at/sites/all/txt/buchbeitraege/1918_klimt.pdf;
HB-tv_monogr_3906;1918;"1918";"Der Augenblick Österreichs";10815;1049;;"Hermann Bahr: Der Augenblick Österreichs. Hg. Sekretariat sozialer Studentenarbeit. München-Gladbach: Volksvereins-Druckerei 1918 (16 Seiten) (Der Weltkrieg, 77.).";"";https://anno.onb.ac.at/cgi-content/anno-buch?apm=0&aid=88;
HB-tv_monogr_3912;1918;"1918";"Jahrbuch deutscher Bibliophilen für 1918";10815;1050;;"Hermann Bahr: Abschied von Engelbert Pernerstorfer. In: Jahrbuch deutscher Bibliophilen für 1918. Hg. Hans Feigl. Wien: Moritz Perles 1918, S. 59–63.";"";;
HB-tv_monogr_3913;1918;"1918";"Jahrbuch der Gesellschaft der Lehrmittelzentrale in Wien.
                     1918";10815;1050;;"Hermann Bahr: Bildung. In: Jahrbuch der Gesellschaft der Lehrmittelzentrale in Wien. 1918. Hg. Hans Sauer. Prag, Wien, Leipzig: Schulwissenschaftlicher Verlag U. Haase 1918, S. 21–23.";"Datiert mit »Salzburg, Karsamstag 1918« (30.3.1918)";https://bahr.univie.ac.at/sites/all/txt/buchbeitraege/1918_lehrmittelzentrale.pdf;
HB-tv_monogr_4004;1917;"1917";"Donauland-Almanach 1918";10815;1050;;"Hermann Bahr: Die Schwestern. In: Donauland-Almanach 1918. Hg. Alois Veltzé. Wien: J. Roller 1917, S. 63–70.";"Der Almanach ist eine Zusammenstellung von bereits in der Zeitschrift »Donauland« Erschienenem. Besprochen in der Neuen Freien Presse, #19132, 12. (25.11.1917)";https://bahr.univie.ac.at/sites/all/txt/donauland/1917_almanach.pdf;
HB-tv_monogr_4032;1917;"1917";"Das jüdische Prag. Eine Sammelschrift";10815;1050;;"Hermann Bahr: Ewige Stadt. In: Das jüdische Prag. Eine Sammelschrift. Prag: Verlag der Selbstwehr 1917, S. 3–4.";"";https://bahr.univie.ac.at/sites/all/txt/buchbeitraege/1917_prag.pdf;
HB-tv_monogr_4035;1917;"1917";"Der Augenblick. Lustspiel in fünf Aufzügen nach Goethe";10815;1049;;"Hermann Bahr: Der Augenblick. Lustspiel in fünf Aufzügen nach Goethe. Berlin: Ahn & Simrock 1917 (58 Seiten).";"Am 3. 6. 1917 wird der letzte Akt an Ahn geschickt. Meldung über die Aufführungen in Hamburg, Darmstadt, Königsberg, Köln und Frankfurt am Main am 24.11.1917, S. 2 im Berliner Tageblatt.";books.google.com/books?id=GOf9LwEACAAJ;
HB-tv_monogr_4036;1917;"1917";"Die Kultur. Jahrbuch für Wissenschaft, Literatur und
                     Kunst";10815;1050;;"Hermann Bahr: Vernunft und Wissenschaft. In: Die Kultur. Jahrbuch für Wissenschaft, Literatur und Kunst. Hg. Österreichische Leogesellschaft. Wien, Innsbruck: Tyrolia 1917, S. 34–70.";"Die Reaktion Fritz Mauthners erschien als »Vernunft und Wissenschaft. Offener Brief an Hermann Bahr« in: Berliner Tageblatt, 46 (1917) # 477, 1-2 (2.9.1917)";;
HB-tv_monogr_4037;1917;"1917";"Vernunft und Wissenschaft. Sonderabdruck aus der »Kultur«
                     Jahrbuch der österreichischen Leo-Gesellschaft";10815;1049;;"Hermann Bahr: Vernunft und Wissenschaft. Sonderabdruck aus der »Kultur« Jahrbuch der österreichischen Leo-Gesellschaft. Innsbruck, Wien, München: Tyrolia 1917 (46 Seiten).";"Am 17. April 1917 kann Bahr Redlich schreiben, er habe »[s]eine ›Kritik der Vernunft‹, aber zusammengedrängt auf 150 geschriebene Blätter« fertiggestellt. Am 29. Oktober schreibt er ihm, dass innerhalb weniger Wochen tausend Exemplare abgesetzt worden sind (Bahr/Redlich, 277).";https://anno.onb.ac.at/cgi-content/anno-buch?apm=0&aid=87;
HB-tv_monogr_4046;1917;"1917";"Stella Peregrina. Achtzehn Faksimile-Nachbildungen nach den
                     Originalen. Handkoloriert von Frau Annette v. Eckardt. Mit einer Einleitung von
                     Hermann Bahr";10815;1050;;"Hermann Bahr: Franz Marc. In: Stella Peregrina. Achtzehn Faksimile-Nachbildungen nach den Originalen. Handkoloriert von Frau Annette v. Eckardt. Mit einer Einleitung von Hermann Bahr. Hg. Franz Marc. München: Franz Hanfstaengl 1917, S. o.P. (1–4).";"Bahr schickt den Text am 8. Juni ab, die Korrekturen sind am 3. November fertig.";https://bahr.univie.ac.at/sites/all/txt/buchbeitraege/1917_franz-marc.pdf;
HB-tv_monogr_4048;1917;"1917";"Kriegsinvaliden-Erwerbs-Genossenschaft m.b.H. Salzburg";10815;1050;;"Hermann Bahr: Idyll. In: Kriegsinvaliden-Erwerbs-Genossenschaft m.b.H. Salzburg. Salzburg: R. Kiesel 1917, S. 19–20.";"Vgl. dazu den Brief des Architekten G. Schmidhammer in Bahrs Nachlass.";https://bahr.univie.ac.at/sites/all/txt/buchbeitraege/1917_kriegsinvalidenerwerbsgenossenschaft.pdf;
HB-tv_monogr_4064;1916;"1916";"Das dreißigste Jahr";10815;1050;;"Hermann Bahr: Das Gottsuchen. In: Das dreißigste Jahr. Berlin: S. Fischer 1916, S. 155–160.";"Auszug aus »Himmelfahrt«.";;
HB-tv_monogr_4065;1916;"1916";"Österreichischer Almanach auf das Jahr 1916";10815;1050;;"Hermann Bahr: Der Geist der Barocke. In: Österreichischer Almanach auf das Jahr 1916. Hg. Hugo von Hofmannsthal. Leipzig: Insel 1916, S. 127–134.";"Stark gekürzt aus dem vierten Kapitel von Bahrs »Wien«";;
HB-tv_monogr_4066;1916;"1916";"Das Land Goethes. 1914–1916. Ein vaterländisches
                     Gedenkbuch";10815;1050;;"Hermann Bahr: [Spruch]. In: Das Land Goethes. 1914–1916. Ein vaterländisches Gedenkbuch. Hg. Berliner Goethebund. Stuttgart, Berlin: Deutsche Verlagsanstalt 1916, S. 3.";"Bahrs Spruch ist in Faksimile seiner Handschrift wiedergegeben.";;
HB-tv_monogr_4069;1916;"1916";"Unser Salzburg. 1816–1916. Ein Heimatbuch für die Jugend und
                     das Volk. Herausgegeben aus Anlaß der 100jährigen Zugehörigkeit des Herzogtums
                     Salzburg zur österreichisch-ungarischen Monarchie";10815;1050;;"Hermann Bahr: Die Schönheit der Stadt Salzburg. In: Unser Salzburg. 1816 - 1916. Ein Heimatbuch für die Jugend und das Volk. Herausgegeben aus Anlaß der 100jährigen Zugehörigkeit des Herzogtums Salzburg zur österreichisch-ungarischen Monarchie. Hg. Karl Adrian. Wien: Schulbücherverlag 1916, S. 130–134.";"";;
HB-tv_monogr_4074;1916;"1916";"Das dreißigste Jahr";10815;1050;;"Hermann Bahr: Der österreichische Staatenstaat. In: Das dreißigste Jahr. Berlin: S. Fischer 1916, S. 42–45.";"Auszug aus »Böhmen« aus Die neue Rundschau.";;
HB-tv_monogr_4094;1916;"1916";"Oscar Sauer. Ein Gedenkbuch (1856–1916)";10815;1050;;"Hermann Bahr: [Oscar Sauer]. In: Oscar Sauer. Ein Gedenkbuch (1856–1916). Hg. Siegfried Jacobsohn. Berlin: Oesterheld 1916, S. 7.";"Besprechung im Berliner Tageblatt am 9. Dezember 1916";;
HB-tv_monogr_4107;1916;"1916";"Der große Krieg als Erlebnis und Erfahrung. Auf Anregung und
                     unter Mitwirkung des Zentralkomitees der deutschen Vereine vom Roten
                     Kreuz";10815;1050;;"Hermann Bahr: Mobilmachung in Österreich. In: Der große Krieg als Erlebnis und Erfahrung. Auf Anregung und unter Mitwirkung des Zentralkomitees der deutschen Vereine vom Roten Kreuz. Hg. Ernst Jäckh. Gotha: Friedrich Andreas Perthes 1916, S. 40–42.";"Im Nachlass Bahrs befindet sich ein »Sonderdruck« betitelter Separatdruck. Ein Brief im Nachlass von Prof. Dr. Hönn bittet Bahr am 25.11.1915 um eine Umarbeitung in positiverer Ausrichtung, weil das Werk der Kaiserin gewidmet sein soll und der österr. Botschafter Prinz zu Hohenlohe die Bedenken teilen würden.";https://bahr.univie.ac.at/sites/all/txt/buchbeitraege/1916_mobilmachung.pdf;
HB-tv_monogr_4124;1915;"1915";"Der Krieg der Geister. Eine Auslese deutscher und ausländischer
                     Stimmen zum Weltkriege 1914";10815;1050;;"Hermann Bahr: Hermann Bahr. In: Der Krieg der Geister. Eine Auslese deutscher und ausländischer Stimmen zum Weltkriege 1914. Hg. Hermann Kellermann. Weimar: Vereinigung Heimat und Welt, Alexander Duncker 1915, S. 463–465.";"Die editorische Einleitung zieht sich über den Titel aus Bahrs Namen bestehd, hinweg: »Daß die Behauptung der ›Times‹ über das Lissauer’sche Gedicht doch nicht völlig zutrifft, geht daraus hervor, daß ein Kritiker wie Thummerer (in der ›Deutschen Arbeit’) das Gedicht zwar gut gearbeitet, aber in seinen gewaltsamen Steigerungen undeutsch nennt, und ein Schriftsteller wie der bekannte Österreicher HERMANN BAHR in seinem seinem Aufsatz An einen entfremdeten Freund (›Tägl. Rundschau‹, 5. Dez. 1914) das Vorhandensein von Haßgefühlen ableugnet. Er schreibt. u.a.:«";;
HB-tv_monogr_4125;1915;"1915";"Das Eiserne Buch. Die führenden Männer und Frauen zum Weltkrieg
                     1914/15";10815;1050;;"Hermann Bahr: Das deutsche Wesen ist uns erschienen. In: Das Eiserne Buch. Die führenden Männer und Frauen zum Weltkrieg 1914/15. Hg. Georg Gellert. Hamburg: Gebrüder Enoch 1915, S. 73–76.";"Datiert mit »Bayreuth, 12. August«.";;
HB-tv_monogr_4132;1915;"1915";"Das österreichische Wunder. Einladung nach Salzburg";10815;1050;;"Hermann Bahr: Einladung nach Salzburg. In: Das österreichische Wunder. Einladung nach Salzburg. Stuttgart: Die Lese 1915, S. 37–47.";"";;
HB-tv_monogr_4148;1915;"1915";"Heldenkränze. Gedächtnisbuch für die Gefallenen";10815;1050;;"Hermann Bahr: Heldentum. In: Heldenkränze. Gedächtnisbuch für die Gefallenen. Hg. Felix Lorenz. Berlin: Schuster & Loeffler 1915, S. 53–54.";"";;
HB-tv_monogr_4150;1915;"1915";"Das große Jahr. 1914–1915";10815;1050;;"Hermann Bahr: Österreichisch. In: Das große Jahr. 1914–1915. Berlin: S. Fischer 1915, S. 69–73.";"Almanach des S. Fischer-Verlags: Das 28. und 29. Jahr des Verlags, ausgegeben im November 1915. Nachdruck aus der Neuen Rundschau.";;
HB-tv_monogr_4182;1914;"1914";"Das Bunte Buch";10815;1050;;"Hermann Bahr: Fráňa Šrámek. In: Das Bunte Buch. Leipzig: Kurt Wolff 1914, S. 108–110.";"";https://bahr.univie.ac.at/sites/all/txt/buchbeitraege/1914_das-bunte-buch_frana-sramek.pdf;
HB-tv_monogr_4183;1914-07-15;"15.7.1914";"Matura-Zeitung der Oktavaner 1914";10815;1050;;"Hermann Bahr: [Goethe-Kranz]. In: Matura-Zeitung der Oktavaner 1914. Gmunden: 15.7.1914, S. 2.";"Datiert 1. Juni 1914.";https://bahr.univie.ac.at/sites/all/txt/buchbeitraege/1914_matura.pdf;
HB-tv_monogr_4184;1914;"1914";"Niehrenheims Wegweiser für Besucher der Bayreuther Festspiele
                     1914";10815;1050;;"Hermann Bahr: Der Kampf der Nachwelt. In: Niehrenheims Wegweiser für Besucher der Bayreuther Festspiele 1914. Hg. Georg Niehrenheim. Bayreuth: Georg Niehrenheim 1914, S. II, 67–72.";"";https://bahr.univie.ac.at/sites/all/txt/wegweiser-bayreuther-festspiele/1914_kampf-der-nachwelt.pdf;
HB-tv_monogr_4194;1914-10-27;"27.10.1914";"Kriegssegen. Vortrag gehalten zu Gunsten der durch den Krieg in
                     Not geratenen Schriftsteller und Journalisten";10815;1049;;"Hermann Bahr: Kriegssegen. Vortrag gehalten zu Gunsten der durch den Krieg in Not geratenen Schriftsteller und Journalisten. München: Schutzverband Deutscher Schriftsteller 27.10.1914 (o. P. 4 Seiten).";"Vierseitige Brochure mit »Kriegssegen«";;
HB-tv_monogr_4200;1914;"1914";"Das Wedekindbuch";10815;1050;;"Hermann Bahr: Hermann Bahr. In: Das Wedekindbuch. Hg. Joachim Friedenthal. München Leipzig: Georg Müller 1914, S. 125–128.";"2. Aufl. 1914";https://bahr.univie.ac.at/sites/all/txt/buchbeitraege/1914_wedekindbuch.pdf;
HB-tv_monogr_4201;1914;"1914";"Deutscher Bibliophilen-Kalender für das Jahr 1914. Zweiter
                     Jahrgang. Jahrbuch für Bücherfreunde und Büchersammler";10815;1050;;"Hermann Bahr: Max Burckhard †. Ein Freiluftmensch und Bücherwurm. In: Deutscher Bibliophilen-Kalender für das Jahr 1914. Zweiter Jahrgang. Jahrbuch für Bücherfreunde und Büchersammler. Hg. Hans Feigl. Wien: Moritz Perles 1914, S. 117–120.";"Vordatiert auf 1914.";;
HB-tv_monogr_4202;1914;"1914";"Der muntere Seifensieder. Ein Schwank aus der deutschen
                     Mobilmachung";10815;1049;;"Hermann Bahr: Der muntere Seifensieder. Ein Schwank aus der deutschen Mobilmachung. Berlin: Ahn & Simrock 1914 (87 Seiten).";"";https://anno.onb.ac.at/cgi-content/anno-buch?apm=0&aid=82;http://digital.staatsbibliothek-berlin.de/dms/werkansicht/?PPN=PPN669230588&PHYSID=PHYS_0007
HB-tv_monogr_4204;1914;"1914";"Taschenbuch auf das Kriegsjahr 1914/15. Mitarbeiter: Karl
                     Langsrecht, Hermann Bahr, Dora Hohlfeld, Ricarda Huch. E. G. Kolbenheyer, Ernst
                     Lissauer, Max Ludwig, Richard Schaukal, Walter v. Molo";10815;1050;;"Hermann Bahr: Österreich. In: Taschenbuch auf das Kriegsjahr 1914/15. Mitarbeiter: Karl Langsrecht, Hermann Bahr, Dora Hohlfeld, Ricarda Huch. E. G. Kolbenheyer, Ernst Lissauer, Max Ludwig, Richard Schaukal, Walter v. Molo. Hg. A. Schremmer. München: Hugo Schmidt 1914, S. 79–86.";"Datiert mit »Salzburg, 10. November 1914«";https://bahr.univie.ac.at/sites/all/txt/buchbeitraege/1914_kriegsjahr.pdf;
HB-tv_monogr_4205;1914;"1914";"Dostojewski. Drei Essays. Mit vier Bildbeigaben";10815;1049;;"Hermann Bahr: Dostojewski. Drei Essays. Mit vier Bildbeigaben. Hgg. Hermann Bahr, Dimitri Mereschkowski und Otto Julius Bierbaum. München: Piper 1914 (105 Seiten) (Dostojewski).";"Bahrs Aufsatz mit dem Datum 13. August 1913. Im Dezember 1913 erschienen, auf 1914 vordatiert. Im Archiv ist eine Druckfahne erhalten. Zur Einordnung des Textes in Bahrs neugefundenen Glauben vergleiche man das Interview Johannes Müllers mit Bahr, zu dem Bahr auch eine Nachschrift verfasste. (Johannes Müller: Eine Unterhaltung mit Hermann Bahr über die Kirche. Nachschrift von Hermann Bahr. Blätter zur Pflege persönlichen Lebens, 16 (1913) #4, 178–192, hier: 190–192.)";https://bahr.univie.ac.at/sites/all/txt/buchbeitraege/1914_dostojewski.pdf;https://anno.onb.ac.at/cgi-content/anno-buch?apm=0&aid=96
HB-tv_monogr_4206;1914;"1914";"Salzburg";10815;1049;;"Hermann Bahr: Salzburg. Hg. Emil Schäffer. Berlin: J. Bard 1914 (XII, 48 Seiten) (Bards Bücher der Kunst, 6, 6).";"Nach dem Copyright »1914« datiert. Am 9. Juli d. J. teilte Bard Bahr brieflich mit, dass der Schluss des Manuskriptes in die Druckerei geleitet wurde. Trotzdem sind im Nachlass nur Reaktionen von 1922 nachzuweisen (die eine vom 20.6.1922 und die andere hat die Kopfzeile »1922 Literarischer Handweiser« (Nr. 8, S. 363)). Die Zeitschrift des Deutschen Vereins für Buchwesen und Schrifttum, 5 (1922) #7-9, 172 kündigt das Buch als Neuerscheinung an, ebenso das Deutsche Bücherverzeichnis, 1921–1925, I, 177. Auch die Österreichische Nationalbibliothek führt die Ausgabe trotz Copyright 1914 als [1922]. Was nahelegt, dass die Exemplare erst 1922 in den Handel kamen. Zur Ausgabe im Agathon-Verlag: Der Wiener Kurier brachte am 7.8.1946 ein Auszug aus dem »im Agathon-Verlag erscheinenden Buch«, weswegen diese auf [1946] zu datieren ist.";https://anno.onb.ac.at/cgi-content/anno-buch?apm=0&aid=80;
HB-tv_monogr_4217;1914-10-27;"27.10.1914";"Kriegssegen. Das deutsche Wesen ist uns erschienen. Vortrag
                     gehalten zu Gunsten der durch den Krieg in Not geratenen Schriftsteller und
                     Journalisten";10815;1049;;"Hermann Bahr: Kriegssegen. Das deutsche Wesen ist uns erschienen. Vortrag gehalten zu Gunsten der durch den Krieg in Not geratenen Schriftsteller und Journalisten. München: Schutzverband Deutscher Schriftsteller 27.10.1914 (o. P. Seiten).";"Trotz des von Bahr verwendeten Titels »Kriegssegen« handelt es sich bei dieser vierseitigen Handreichung um den Text »Das deutsche Wesen ist uns erschienen«.";;
HB-tv_monogr_4225;1914;"1914";"Ehrengabe dramatischer Dichter und Komponisten. Sr. Exzellenz dem
                     Grafen Nikolaus von Seebach zum zwanzigährigen Intendanten-Jubiläum";10815;1050;;"Hermann Bahr: Entwurf eines Lustspiels. In: Ehrengabe dramatischer Dichter und Komponisten. Sr. Exzellenz dem Grafen Nikolaus von Seebach zum zwanzigährigen Intendanten-Jubiläum. Leipzig: Kurt Wolff 1914, S. 12–23.";"Von Poeschel & Trepte in Leipzig gedruckt, die Herstellung besorgte der Kurt Wolff Verlag. Ankündigung am 1. März 1914 im Berliner Tageblatt, Besprechung am 26. April 1914 in der Vossischen Zeitung";https://bahr.univie.ac.at/sites/all/txt/buchbeitraege/1914_entwurf.pdf;
HB-tv_monogr_4255;1913;"1913";"Salzburg. Ein literarisches Sammelwerk";10815;1050;;"Hermann Bahr: Erinnerung. In: Salzburg. Ein literarisches Sammelwerk. Hg. Die jungen Mitglieder der Literatur- u. Kunst-Gesellschaft »Pan«. Salzburg: Eugen Richters Nachflg. 1913, S. 1–3.";"Der Text, datiert mit »Semmering, 8.10.1912«, kündigt an, daß Bahr »im Arenbergschloß wohnen [wird]«. Die Universitätsbibliothek Salzburg besitzt das Exemplar Bahrs (Signatur 38.253 I), das eine Widmung von August Brunetti-Pisano hat und mit 4. Dezember datiert ist, das Buch folglich auf 1913 vordatiert. Im Buch selbst u.a. Beiträge von Georg Trakl. Kurz besprochen in der Wiener Abendpost, 1913 #69, 9. (26.3.1913)";https://bahr.univie.ac.at/sites/all/txt/buchbeitraege/1912_erinnerung.pdf;
HB-tv_monogr_4320;1913;"1913";"Über Schauspielkunst";10815;1049;;"Hermann Bahr: Über Schauspielkunst. Zürich: Lesezirkel Hottingen 1913 (Lesezirkel Hottingen. Vierter Abend von Hermann Bahr. Montag den 13. Januar 1913 im kleinen Saal der Tonhalle).";"Programmheft zum Vortrag, enthält: »Autobiographische Skizze« und »Selbstinventur«";https://bahr.univie.ac.at/sites/all/txt/sonderdrucke/1913_hottingen.pdf;
HB-tv_monogr_4325;1913;"1913";"Der Salutismus";10815;1050;;"Hermann Bahr: Diederichs Politische Bibliothek. Aus einem Briefe von Hermann Bahr. In: Der Salutismus. Jena: Diederichs 1913, S. II, 357.";"Es handelt sich bei diesem Ausschnitt aus dem längeren Brief Bahrs um eine Werbeeinschaltung am Ende des Bandes, das auf Diederichs Reihe »Die Politische Bibliothek« aufmerksam machen soll. Weitere Einschaltung der Werbung in: Emilie Altenloh: Zur Sociologie des Kino. Die Kino-Unternehmung und die sozialen Schichten ihrer Besucher. Jena: Diederichs 1914.";https://bahr.univie.ac.at/sites/all/txt/prospekte/werbung-fuer-politische-bibliothek.pdf;
HB-tv_monogr_4332;1913;"1913";"Das 27. Jahr";10815;1050;;"Hermann Bahr: Erinnerung an Burckhard. In: Das 27. Jahr. Berlin: S. Fischer 1913, S. 52–57.";"";;
HB-tv_monogr_4343;1913;"1913";"Flammen. [Deutsche Übertragung von Otto Pick]";10815;1050;;"Hermann Bahr: Vorwort. In: Flammen. [Deutsche Übertragung von Otto Pick]. Leipzig: Rowohlt 1913, S. V–VIII.";"";https://bahr.univie.ac.at/sites/all/txt/buchbeitraege/1913_sramek.pdf;
HB-tv_monogr_4352;1912;"1912";"März";10815;1049;;"Hermann Bahr: März. (1912).";"In der Bibliothek Bahrs (Universitätsbibliothek Salzburg, 38.443-IV) ist ein Druck des Texts auf einem einmal gefalteten Druckbogen (zwei Seiten) mit Goldbordüre und Gold-Initial erhalten. Kein Künstler und Herstelljahr genannt. Hier nicht nach dem Erstdruck, sondern dem Druck im »Ruf« auf 1912 datiert. Grund: Ein Hinweis auf dieses Blatt unter den Briefen an Bahr einmal gesehen (zwischen J-L?) und die vage Erinnerung, es wäre ein Salzburger Künstler.";;
HB-tv_monogr_4361;1912;"1912";"Konzert-Taschenbuch für die Saison 1912/13";10815;1050;;"Hermann Bahr: Die Mode gegen Wagner. In: Konzert-Taschenbuch für die Saison 1912/13. Hg. Konzert-Bureau Emil Gutmann. Berlin, München: Emil Gutmann 1912, S. 81–83.";"»Mit Beiträgen von Hermann Bahr, Dr. Walter Niemann, Dr. Leopold Schmidt, Arnold Schönberg.«";https://bahr.univie.ac.at/sites/all/txt/buchbeitraege/1912_wagner.pdf;
HB-tv_monogr_4393;1912;"1912";"Das Münchener Lustspielhaus. Unter Mitwirkung von Hermann Bahr /
                     Franz Blei / Friedrich Freksa / Max Halbe / Alfred Kerr / Julius Meier-Graefe /
                     Ernst Rosmer / Frank Wedekind";10815;1050;;"Hermann Bahr: Josephine. In: Das Münchener Lustspielhaus. Unter Mitwirkung von Hermann Bahr / Franz Blei / Friedrich Freksa / Max Halbe / Alfred Kerr / Julius Meier-Graefe / Ernst Rosmer / Frank Wedekind. Hg. Bernhart Rehse. München, Leipzig: Georg Müller 1912, S. 18.";"Mit einer Szenenfotografie aus der Inszenierung.";https://bahr.univie.ac.at/sites/all/txt/buchbeitraege/1912_josephine.pdf;
HB-tv_monogr_4400;1912;"1912";"Wegweiser für Besucher der Bayreuther Festspiele 1912";10815;1050;;"Hermann Bahr: Bayreuth. In: Wegweiser für Besucher der Bayreuther Festspiele 1912. Hg. Georg Niehrenheim. Bayreuth: Georg Niehrenheim 1912, S. 65–67.";"Es folgt der Text »Pause« von Anna Bahr-Mildenburg (67-72)";https://bahr.univie.ac.at/sites/all/txt/wegweiser-bayreuther-festspiele/1912_bayreuth.pdf;
HB-tv_monogr_4405;1912;"1912";"Was denken Sie über Dresden? Eine Rundfrage";10815;1049;;"Hermann Bahr: Was denken Sie über Dresden? Eine Rundfrage. Dresden: Gerhard Kühtmann 1912 (4–5 Seiten).";"Ein Werbeprospekt für den »Fremdenführer« »Mit mir durch Dresden von heute«, das daraus die Umfrage abdruckt.";https://bahr.univie.ac.at/sites/all/txt/prospekte/1912_wie-denken-sie-ueber-dresden.pdf;
HB-tv_monogr_4458;1912;"1912";"Ein Brief, an den Verleger des Buches gerichtet. Helene
                     Scharfenstein: Aus dem Tagebuche einer deutschen Schauspielerin. 10.
                     Auflage";10815;1049;;"Hermann Bahr: Ein Brief, an den Verleger des Buches gerichtet. Helene Scharfenstein: Aus dem Tagebuche einer deutschen Schauspielerin. 10. Auflage. Stuttgart: Robert Lutz 1912 (Einlegeblatt Seiten).";"Der 10. Auflage lag neben dem Brief H. B.s ein weiteres Beiblatt bei: »Die Echtheit des ›Tagebuches einer deutschen Schauspielerin‹ von Helene Scharfenstein durch gerichtliches Urteil bestätigt!«, das als Verfasser das Amtsgericht Stuttgart-Stadt angibt und eine Aktennummer angibt. Die erste Auflage, die in der Wiener Stadtbibliothek (A 292255) aufbewahrt wird, hat das Beiblatt nicht.";https://bahr.univie.ac.at/sites/all/txt/prospekte/1912_scharfenstein_brief-an-verleger.pdf;
HB-tv_monogr_4463;1912;"1912";"Das 26. Jahr";10815;1050;;"Hermann Bahr: Selbstinventur. In: Das 26. Jahr. Berlin: S. Fischer 1912, S. 48–55.";"Das Buch wurde Ende Oktober 1912 ausgegeben.";;
HB-tv_monogr_4464;1912;"1912";"Schülerjahre. Erlebnisse und Urteile namhafter
                     Zeitgenossen";10815;1050;;"Hermann Bahr: [Schülerjahre]. In: Schülerjahre. Erlebnisse und Urteile namhafter Zeitgenossen. Hg. Alfred Graf. Berlin-Schöneberg: Fortschritt (Buchverlag der »Hilfe«) 1912, S. 181.";"In der Vossischen Zeitung wird am 22.3.1931 die diesem Beitrag völlig gegenläufige Haltung Bahrs zu seiner Schulzeit in der Zeitschrift »Schule und Elternhaus« (1930) erwähnt.";https://bahr.univie.ac.at/sites/all/txt/buchbeitraege/1912_schuelerjahre.pdf;
HB-tv_monogr_4477;1912;"1912";"Austriaca. Se svolením Autora přeložil Dr. J. B. Novák";10815;1050;;"Hermann Bahr: Autorova předmluva k českému vydání. In: Austriaca. Se svolením Autora přeložil Dr. J. B. Novák. Hg. Hermann Bahr. Turnov: Ing. R. Ptáčník 1912 (Knihovna Slunovrat Svazek II).";"Eigens geschriebenes Vorwort Bahrs für die tschechische Ausgabe seines Buchs, datiert mit 14. März 1912.";https://bahr.univie.ac.at/sites/all/txt/buchbeitraege/1912_autorova.pdf;
HB-tv_monogr_4478;1912;"1912";"Bibliothek Max Burckhard. Auktionskatalog";10815;1050;;"Hermann Bahr: Burckhards Bücher. In: Bibliothek Max Burckhard. Auktionskatalog. Wien: Hugo Heller 1912, S. V–VIII.";"Die Versteigerung fand vom 4. bis zum 9. November 1912 zugunsten des Bühnenvereins statt.";;
HB-tv_monogr_4495;1912;"1912";"Die neuen königlichen Hof-Theater zu Stuttgart. Zur Weihe und
                     bleibenden Erinnerung. Unter Förderung Sr. Excell. des General-Intendanten
                     Baron Joachim zu Putlitz, sowie unter Mitwirkung hervorragender
                     Persönlichkeiten des Theaterlebens";10815;1050;;"Hermann Bahr: Eine Rundfrage. In: Die neuen königlichen Hof-Theater zu Stuttgart. Zur Weihe und bleibenden Erinnerung. Unter Förderung Sr. Excell. des General-Intendanten Baron Joachim zu Putlitz, sowie unter Mitwirkung hervorragender Persönlichkeiten des Theaterlebens. Hgg. Carl Esser und Paul Wittko. Stuttgart: Neues Tagblatt 1912, S. 47–64, hier: 49.";"Die gestellte Frage möchte Erinnerungen an das Stuttgarter Hoftheater und Erwartungen an dasselbe beantwortet wissen. Weitere Beiträger: Julius Bab, Anton Balluff, Albert Bozenhard, Walter Braunfels, Suzanne Desprès, Konrad Dreher, Frederik von Eeden, Ottomar Enking, Paul Ernst, Herbert Eulenberg, Alexander Girardi, Ferdinand Gregori, Yvette Guilbert, Carl Hagemann, Wilhelm Herold, Graf Hülsen-Haeseler, Sigmund Lautenburg, Heinrich Lilienfein, Pierre Maurice, Karl Perron, Rosa Poppe, Rudolf Pröll, Max Reinhardt, Paul Schlenther, Wilhelm von Scholtz, Ernestine Schumann-Heink, Graf Seebach, Richard Strauss, Ludwig Thoma, Frank Wedekind und Elisa Wiborg.";https://bahr.univie.ac.at/sites/all/txt/buchbeitraege/1912_hoftheater.pdf;
HB-tv_monogr_4498;1912;"1912";"Otto Julius Bierbaum zum Gedächtnis";10815;1050;;"Hermann Bahr: [Otto Julius Bierbaum]. In: Otto Julius Bierbaum zum Gedächtnis. Hg. Hans Brandenburg. München: Georg Müller 1912, S. 138–140.";"2. Aufl. 1912";https://bahr.univie.ac.at/sites/all/txt/buchbeitraege/1912_bierbaum.pdf;
HB-tv_monogr_4525;1911;"1911";"Musen-Almanach 1911";10815;1050;;"Hermann Bahr: [Stammbuch-Spruch]. In: Musen-Almanach 1911. Berlin: Verein Berliner Presse 1911, S. 39.";"";;
HB-tv_monogr_4541;1911;"1911";"Wegweiser für Besucher der Bayreuther Festspiele 1911";10815;1050;;"Hermann Bahr: Bayreuther Stimmung. In: Wegweiser für Besucher der Bayreuther Festspiele 1911. Hg. Georg Niehrenheim. Bayreuth: Georg Niehrenheim 1911, S. 119–124.";"";https://bahr.univie.ac.at/sites/all/txt/wegweiser-bayreuther-festspiele/1911_bayreuther-stimmung.pdf;
HB-tv_monogr_4558;1911;"1911";"Freie Erziehung. Vortrag, gehalten anlässlich der
                     Jahres-Versammlung des Vereines Freie Schule am 26. März 1911 im Wiener
                     Kolosseum.";10815;1049;;"Hermann Bahr: Freie Erziehung. Vortrag, gehalten anlässlich der Jahres-Versammlung des Vereines Freie Schule am 26. März 1911 im Wiener Kolosseum.. Wien: Verlag des Vereines Freie Schule 1911 (16 Seiten).";"";https://bahr.univie.ac.at/sites/all/txt/sonderdrucke/1911_freie-schule.pdf;
HB-tv_monogr_4572;1911;"1911";"Vídeň. S úvodním slovem spisovatelovým a s jeho svolením přeložil
                     O. Klein";10815;1050;;"Hermann Bahr: Předmluva. In: Vídeň. S úvodním slovem spisovatelovým a s jeho svolením přeložil O. Klein. Hg. Hermann Bahr. Praha: Josef Pelcl 1911, S. 5–6.";"Eigens für die tschechische Ausgabe verfasstes Vorwort, datiert mit »15. März 1911«.";https://bahr.univie.ac.at/sites/all/txt/buchbeitraege/1911_viden.pdf;
HB-tv_monogr_4582;1911;"1911";"[Diederichs Politische Bibliothek]";10815;1049;;"Hermann Bahr: [Diederichs Politische Bibliothek]. Jena: Diederichs 1911 (3–4 Seiten) (Diederichs Politische Bibliothek).";"Am 7.9.1911 schickte der Verleger Diederichs an verschiedene Personen einen Brief, worin er um die Beantwortung einiger Fragen zur Politisierung der Öffentlichkeit bat. Damit wolle er eine Information für Sortimentsbuchhändler und Zeitungsredaktionen zusammenstellen. Zitat: »Jede Reklame dem Publikum gegenüber liegt mir fern.« Dieser Brief ist abgedruckt in Ulrich Sieg: Aufstieg und Niedergang des Marburger Neukantianismus. Würzburg: Königshausen und Neumann 1994, 503-504. Diederichs verwendete es aber als Werbung, wie die Seite 107 des Buches »Zur Soziologie des Kinos« von Emilie Altenloh beweist, die 1914 herausgegeben wurde, und die »Aus einem Briefe von Hermann Bahr« zitiert und auffordert: »Man verlange einen Sonderprospekt«.";https://bahr.univie.ac.at/sites/all/txt/umfragen/1913_diederichs-politische-bibliothek.pdf;
HB-tv_monogr_4598;1910;"1910";"Österreichischer Theater-Kalender pro 1911";10815;1050;;"Hermann Bahr: Kritik. In: Österreichischer Theater-Kalender pro 1911. Hg. Österreichischer Bühnenverein. Wien: Wallishaussersche k. u. k. Hofbuchhandlung (Adolf W. Künast) 1910, S. 6–8.";"";https://bahr.univie.ac.at/sites/all/txt/buchbeitraege/1910_kritik.pdf;
HB-tv_monogr_4618;1910;"1910";"Vom Studium und vom Studenten. Ein Almanach. Herausgegeben vom
                     Akademischen Verband für Literatur und Musik in Wien";10815;1050;;"Hermann Bahr: Die Zukunft des deutschen Studenten. In: Vom Studium und vom Studenten. Ein Almanach. Herausgegeben vom Akademischen Verband für Literatur und Musik in Wien. Berlin: Bruno Cassirer 1910, S. 187–191.";"";https://bahr.univie.ac.at/sites/all/txt/buchbeitraege/1910_vom-studium_zukunft-des-deutschen-studenten.pdf;
HB-tv_monogr_4619;1910;"1910";"Hyperion-Almanach auf das Jahr 1910";10815;1050;;"Hermann Bahr: Der Schauspieler. Notizen. In: Hyperion-Almanach auf das Jahr 1910. München: Hyperion-Verlag Hans von Weber 1910, S. 114–118.";"";;
HB-tv_monogr_4687;1909;"1909";"Einiges über Ibsen. Zur Feier ihrer alljährlichen Mai-Festspiele
                     herausgegeben von der Ibsenvereinigung zu Düsseldorf";10815;1050;;"Hermann Bahr: Hermann Bahr. In: Einiges über Ibsen. Zur Feier ihrer alljährlichen Mai-Festspiele herausgegeben von der Ibsenvereinigung zu Düsseldorf. Berlin, Leipzig: Dr. Walther Rothschild 1909, S. 51–52.";"";;
HB-tv_monogr_4688;1909;"1909";"Eine deutsche Kunstspende. Unter dem Eindruck des Erdbebens von
                     Sizilien und Kalabrien. Gesammelt durch Otto Julius Bierbaum, Felix Mottl,
                     Franz von Stuck";10815;1050;;"Hermann Bahr: Über Hedda Gabler. Brief an eine Schauspielerin. In: Eine deutsche Kunstspende. Unter dem Eindruck des Erdbebens von Sizilien und Kalabrien. Gesammelt durch Otto Julius Bierbaum, Felix Mottl, Franz von Stuck. Hg. Fritz Helmut Ehmcke. München: Georg Müller 1909, S. 130–133.";"Die Entstehungsgeschichte der Titelauflage des Buches ist eigenwillig: 1909 als Hilfsaktion deutscher Künstler für die Opfer eines Erdbebens in Messina und Süditalien begonnen, deutet das Vorwort Bierbaums an, wieso es nicht in den Handel kam: Weil in Italien einerseits fahrlässig mit Spendengeld umgegangen würde, andererseits aber die italienischen Zeitungen der deutsche Hilfsbeiträge herunterspielten. Ein zweites Vorwort datiert 1910 und begründet die Verzögerung beim Erscheinen damit, dass Bierbaum über dem Buch gestorben sei. Nunmehr sei es zu spät für die Erdbebenopfer und würde für italienische Krankenhäuser eingesetzt. Es erscheint als Titelauflage 1916. Das neue Vorwort zeichnet nun ein Major Karl von Schintling. Diesmal soll es, in einer Verkehrung der ursprünglichen Intention den deutschen Opfern des ersten Weltkriegs helfen: »Und gerade die Hand, die wir damals in mitfühlender Freundschaft drückten, hat hinterrücks den Dolch gegen uns gezückt. Wäre der schmähliche Verrat nicht geschehen, so würde, menschlichem Ermessen nach, der Krieg längst beendet sein.« Deshalb: »den Autoren, die das Werk zustandegebracht, die gewiß gegen die geänderte Bestimmung nichts einzuwenden haben werden, sei der innigste Dank ausgesprochen. Daß auch Gabriele d’Annunzio und andere ›Engländer‹ in dem schönen Sammelbuch vertreten sind, soll uns die Freude daran nicht beeinträchtigen.«";https://bahr.univie.ac.at/sites/all/txt/buchbeitraege/1909_kunstspende.pdf;
HB-tv_monogr_4704;1909;"1909";"Wie der Kunst zu helfen wäre. Gründungsplan der Genossenschaft
                     deutscher Schriftsteller. Mit Briefen von Kurt Aram. Hermann Bahr, Franz Blei,
                     Carl Bleibtreu, Fritz Engel, Herbert Eulenberg, Gustav Falke, Wilhelm Hegeler,
                     Monty Jacobs. Heinrich Lilienfein, Hugo Salus, Frida Schanz, Johannes Schlaf,
                     Karl Strecker, Bertha von Suttner, Jakob Wassermann";10815;1050;;"Hermann Bahr: [Antwort]. In: Wie der Kunst zu helfen wäre. Gründungsplan der Genossenschaft deutscher Schriftsteller. Mit Briefen von Kurt Aram. Hermann Bahr, Franz Blei, Carl Bleibtreu, Fritz Engel, Herbert Eulenberg, Gustav Falke, Wilhelm Hegeler, Monty Jacobs. Heinrich Lilienfein, Hugo Salus, Frida Schanz, Johannes Schlaf, Karl Strecker, Bertha von Suttner, Jakob Wassermann. Hg. A. Halbert [=Abraham Halberthal]. Berlin: Nord und Süd 1909, S. 40.";"Bezieht sich auf den Text: »Wie der Kunst zu helfen wäre« von A. Halbert in: Nord und Süd, 32 (1908) #127/379, 171–180.";https://bahr.univie.ac.at/sites/all/txt/buchbeitraege/1909_helfen.pdf;
HB-tv_monogr_4726;1909-01-21;"21.1.1909";"Striche bei Wagner";10815;1049;;"Hermann Bahr: Striche bei Wagner. (21.1.1909) (Neue Freie Presse).";"Die Druckfahne im Nachlass ist handschriftlich versehen mit (links oben, kleine Schrift): »Verfasst 21. Januar / nicht erschienen.« In großer Schrift steht, den Titel mit einer Klammer versehend: »Den Absatz aus:« Das ist, ebenso wie der Titel mit rotem Buntstift unterstrichen. Mit eben diesem Buntstift ist auch ein Absatz auf der zweiten Seite markiert, der Bahrs Bereitwilligkeit, die eigenen Stücke mit Streichungen zu versehen, hervorkehrt. Typografisch ist die Druckfahne eindeutig der »Neuen Freien Presse« zuzuordnen, ein Abdruck lässt sich aber nicht nachweisen. Die Debatte, in die er sich verortet, begann im Juni 1908: Am 22. schickt Bahr einen Brief an Dr. Stefan, der sich über die Striche bei der Walküre-Aufführung (17.6.1908) beschwert hat, siehe TB 5, 382. Durch die Schnitte wurde die Einrichtung der Oper von Gustav Mahler und Alfred Roller verändert. Der Text selbst bezieht sich auf den Aufsatz »Striche bei Wagner« von Felix von Weingarten. (Dieser wurde am 7.1.1909 in der Neuen Musik-Zeitung gedruckt, vermutlich aber ein Nachdruck. Vgl. Neue Freie Presse, #15741, 14. (17.6.1908) und #15742, 14. (18.6.1908)). Vgl. auch Gabriele Parizek: Anna Bahr-Mildenburg [Dissertation], 54.";;
HB-tv_monogr_4836;1908;"1908";"Selbstanzeige des Verfassers. Hermann Bahr, Die Rahl.
                     Roman";10815;1049;;"Hermann Bahr: Selbstanzeige des Verfassers. Hermann Bahr, Die Rahl. Roman. (1908).";"Einzelblattdruck, wohl Verlagsbeilage zur Versendung der Rezensionsexemplare.";https://bahr.univie.ac.at/sites/all/txt/prospekte/1908_selbstanzeige-rahl.pdf;
HB-tv_monogr_4841;1908;"1908";"Die Welt in hundert Jahren";10815;1050;;"Hermann Bahr: Die Literatur in hundert Jahren. In: Die Welt in hundert Jahren. Hg. Arthur Brehmer. Berlin: Verlags-Anstalt Buntdrucke 1908, S. 201–207.";"Auf der ersten Seite des Textes ist der Autor als »Herman Bahr« angegeben.";https://bahr.univie.ac.at/sites/all/txt/buchbeitraege/1908_welt-in-100-jahren_literatur.pdf;
HB-tv_monogr_4848;1908;"1908";"Die Mutter. (Zum hundertsten Todestag der Frau Rat)";10815;1049;;"Hermann Bahr: Die Mutter. (Zum hundertsten Todestag der Frau Rat). Zürich: Lesezirkel Hottingen 1908 (7–14 Seiten) (Arthur Schnitzler. Lesezirkel Hottingen. Zweiter Abend von Hermann Bahr. Montag, den 9. November 1908 im kleinen Tonhallesaal).";"Programmheft zum Vortrag";https://bahr.univie.ac.at/sites/all/txt/buchbeitraege/1908_arthur-schnitzler-abend_die-mutter.pdf;
HB-tv_monogr_4858;1908;"1908";"Der Star. Ein Wiener Stück in vier Akten";10815;1049;;"Hermann Bahr: Der Star. Ein Wiener Stück in vier Akten. Berlin: Ahn & Simrock 1908 (166 Seiten).";"";http://books.google.com/books?id=KlwTAAAAQAAJ;http://books.google.com/books?id=paEMAQAAIAAJ
HB-tv_monogr_4859;1908;"1908";"Mein Skizzenbuch. Gedichte";10815;1050;;"Hermann Bahr: Vorwort. In: Mein Skizzenbuch. Gedichte. Wien: Carl Fromme 1908, S. 7–9.";"Das Buch rezensiert: Ella Triebnigg in: Das literarische Deutsch-Österreich, 8 (1908) #3 (März), 108.";https://bahr.univie.ac.at/sites/all/txt/buchbeitraege/1908_skizzenbuch.pdf;
HB-tv_monogr_4877;1908;"1908";"Die Bücher zum wirklichen Leben. Nebst Briefen von Peter
                     Altenberg – Raoul Auernheimer – Gertrud Eysold, Berlin – Prof. A Forel, Zürich
                     – Hofrat Prof. Dr. Theodor Gomperz – Hermann Hesse – Ricarda Huch – Harry Graf
                     Kessler, Weimar – Universitätsprofessor Dr. Ernst Mach – Rosa Mayreder – Hans
                     Müller, Wien – Josef Popper (Lynkeus) – Rainer Maria Rilke – Peter Rosegger –
                     Richard Schaukal – Dr. Artur Schnitzler – Prof. Hans Thoma – Stefan Zweig
                     u.a.";10815;1050;;"Hermann Bahr: Einleitung. In: Die Bücher zum wirklichen Leben. Nebst Briefen von Peter Altenberg – Raoul Auernheimer – Gertrud Eysold, Berlin – Prof. A Forel, Zürich – Hofrat Prof. Dr. Theodor Gomperz – Hermann Hesse – Ricarda Huch – Harry Graf Kessler, Weimar – Universitätsprofessor Dr. Ernst Mach – Rosa Mayreder – Hans Müller, Wien – Josef Popper (Lynkeus) – Rainer Maria Rilke – Peter Rosegger – Richard Schaukal – Dr. Artur Schnitzler – Prof. Hans Thoma – Stefan Zweig u.a.. Hg. Hugo Heller. Wien: Hugo Heller & Cie 1908, S. 1–4 (Weihnachtskatalog der Buchhandlung).";"Separat unter dem gleichen Titel (21.-40. Tsd.)";https://bahr.univie.ac.at/sites/all/txt/buchbeitraege/1908_zum-wirklichen-leben.pdf;
HB-tv_monogr_4979;1907;"1907";"Goethe-Kalender auf das Jahr 1908";10815;1050;;"Hermann Bahr: Der böse Goethe. In: Goethe-Kalender auf das Jahr 1908. Hg. Otto Julius Bierbaum. Leipzig: Dieterich 1907, S. 35–39.";"";https://bahr.univie.ac.at/sites/all/txt/goethe-kalender/1907_goethe-kalender.pdf;
HB-tv_monogr_5001;1906;"1906";"Der Klub der Erlöser. Ein Akt";10815;1049;;"Hermann Bahr: Der Klub der Erlöser. Ein Akt. (1906) (31 Seiten).";"In der Universitätsbibliothek Salzburg, Signatur 38.579-I findet sich ein typografisch der Neuen Rundschau ähnlicher, aber nicht identer Druck. Möglicherweise ein Bühnendruck.";;
HB-tv_monogr_5170;1904;"1904";"Albert Langens Verlagskatalog. 1894–1904";10815;1050;;"Hermann Bahr: Selbstbiographie. In: Albert Langens Verlagskatalog. 1894–1904. München: Albert Langen 1904, S. 4 (, 196).";"Das Verzeichnis der bei Langen erschienenen Werke Bahrs (Apostel, Krampus, Premièren) wird ergänzt mit Bahrs »Selbstbiographie« und einer Karikatur von Olaf Gulbransson. Zeitlich muss das Erscheinen des Verlagskatalogs mit der zweiten Jahreshälfte 1904 angenommen werden, da Bahrs Griechenlandreise im Frühjahr Erwähnung findet.";https://bahr.univie.ac.at/sites/all/txt/buchbeitraege/1904_langen.pdf;
HB-tv_monogr_5306;1903;"1903";"Wien, das bist du! Kleine Erzählungen aus dem Nachlasse. Mit
                     Begleitworten von H. B. und Vinzenz Chiavacci";10815;1050;;"Hermann Bahr: Vorwort. Karlweis als Dramatiker. In: Wien, das bist du! Kleine Erzählungen aus dem Nachlasse. Mit Begleitworten von H. B. und Vinzenz Chiavacci. Hg. Carl Karlweis. Stuttgart: Adolf Bonz & Comp. 1903, S. VII–XVII.";"";https://bahr.univie.ac.at/sites/all/txt/buchbeitraege/1903_karlweis_wien-das-bist-du.pdf;
HB-tv_monogr_5363;1902;"1902";"Für unser Heim! Bunte Spenden deutscher Dichter und Denker der
                     Gegenwart für das Deutsche Schriftstellerheim in Jena";10815;1050;;"Hermann Bahr: [Beitrag]. In: Für unser Heim! Bunte Spenden deutscher Dichter und Denker der Gegenwart für das Deutsche Schriftstellerheim in Jena. Hg. Timon Schroeter. Leipzig: J. J. Weber (Illustrirte Zeitung) 1902, S. 9.";"Unter dem Spruch steht: »Dramatiker, Novellist und Kritiker, geboren am 19. Juli 1863 zu Linz, lebt in Wien.«";;
HB-tv_monogr_5468;1902;"1902";"Variété. Ein Buch der Autoren des Wiener Verlags";10815;1050;;"Hermann Bahr: Die Pantomime vom braven Manne. In: Variété. Ein Buch der Autoren des Wiener Verlags. Wien: Wiener Verlag 1902, S. 26–33.";"";https://bahr.univie.ac.at/sites/all/txt/buchbeitraege/1902_variete_pantomime.pdf;
HB-tv_monogr_5488;1902;"1902";"Münchens »Niedergang als Kunststadt«. Eine Rundfrage. Beantwortet
                     von H. Bahr – B. Becker – H. E. v. Berlepsch – M. G. Conrad – C. Gurlitt –
                     Georg Hirth – F. v. Lenbach – M. Liebermann – R. Muther – H. Obrist – Ad.
                     Paulus – H. Petersen – H. Rosenhagen – P. Schultze-Naumburg – F. Servaes – F.
                     Stuck – F. v. Uhde u.a.";10815;1050;;"Hermann Bahr: [Hermann Bahr]. In: Münchens »Niedergang als Kunststadt«. Eine Rundfrage. Beantwortet von H. Bahr – B. Becker – H. E. v. Berlepsch – M. G. Conrad – C. Gurlitt – Georg Hirth – F. v. Lenbach – M. Liebermann – R. Muther – H. Obrist – Ad. Paulus – H. Petersen – H. Rosenhagen – P. Schultze-Naumburg – F. Servaes – F. Stuck – F. v. Uhde u.a.. Hg. Eduard Engels. München: F. Bruckmann 1902, S. 1–2.";"Als Neuerscheinung verzeichnet in: Neues Wiener Tagblatt 36 (1902) #33, 12. (3.2.1902)";https://bahr.univie.ac.at/sites/all/txt/umfragen/1902_muenchens-niedergang.pdf;
HB-tv_monogr_5871;1898;"1898";"Josephine. Ein Spiel in vier Akten";10815;1049;;"Hermann Bahr: Josephine. Ein Spiel in vier Akten. München: Brakl’s Rubin-Verlag 1898 (138 Seiten).";"Eigentlich [1898].";http://archive.org/search.php?query=hermann%20bahr%20josephine;
HB-tv_monogr_5872;1898;"1898";"Gesammelte Aufsätze über Hugo Wolf. Mit einem Vorwort von Hermann
                     Bahr";10815;1050;;"Hermann Bahr: Vorwort. In: Gesammelte Aufsätze über Hugo Wolf. Mit einem Vorwort von Hermann Bahr. Hg. Hugo Wolf-Verein in Wien. Berlin: S. Fischer 1898, S. IX–XII.";"";https://bahr.univie.ac.at/sites/all/txt/buchbeitraege/1898_hugo-wolf.pdf;
HB-tv_monogr_5917;1897;"1897";"Der Kampf gegen die Censur. Ein Beitrag zu den freiheitlichen
                     Bestrebungen des österreichischen Volkes. Mit einem Brief von Hermann
                     Bahr";10815;1050;;"Hermann Bahr: [Lieber Herr Friedmann!]. In: Der Kampf gegen die Censur. Ein Beitrag zu den freiheitlichen Bestrebungen des österreichischen Volkes. Mit einem Brief von Hermann Bahr. Leipzig: Literarische Anstalt August Schulze 1897.";"Datiert: »3. Februar 1897«.";https://bahr.univie.ac.at/sites/all/txt/buchbeitraege/1897_censur.pdf;
HB-tv_monogr_5962;1897;"1897";"Regie. Notizen zu einem Handbuch";10815;1050;;"Hermann Bahr: Geleitwort. In: Regie. Notizen zu einem Handbuch. München: Brakl’s Rubinverlag 1897, S. III–VIII.";"Der Text ist datiert mit: »Wien, im Oktober 1896«. Eine Besprechung erschien am 23. Dezember 1897 im Berliner Börsen-Courier.";https://bahr.univie.ac.at/sites/all/txt/buchbeitraege/1897_leon.pdf;
HB-tv_monogr_6013;1896;"1896";"Režie. Poznámky ku knize příruční. S. předmluvou Hermanna Bahra.
                     Přreložil J. E. Šlechta";10815;1050;;"Hermann Bahr: Předmluva. In: Režie. Poznámky ku knize příruční. S. předmluvou Hermanna Bahra. Přreložil J. E. Šlechta. Praha-Karlín: M. Knapp 1896, S. 3–9 (Divadelní katechismy).";"Erscheinungsjahr eigentlich [1896]";https://bahr.univie.ac.at/sites/all/txt/buchbeitraege/1896_rezie.pdf;
HB-tv_monogr_6057;1895;"1895";"Für Laibach. Zum Besten der durch die Erdbeben-Katastrophe im
                     Frühjahre 1895 betroffenen Einwohner von Laibach und Umgebung";10815;1050;;"Hermann Bahr: Splitter. [o.T., drei Zeilen]. In: Für Laibach. Zum Besten der durch die Erdbeben-Katastrophe im Frühjahre 1895 betroffenen Einwohner von Laibach und Umgebung. Hg. Genossenschaft der Bildenden Künstler Wiens. Wien: Carl Gerold’s Sohn 1895, S. 7.";"Unter der Überschrift »Splitter« ist noch ein kurzer Text von Ludwig Basch eingeordnet.";;
HB-tv_monogr_6268;1893;"1893";"Eleonora Duse. Mit einer einleitenden Studie von Hermann Bahr.
                     Inhalt: Die Cameliendame";10815;1049;;"Hermann Bahr: Eleonora Duse. Mit einer einleitenden Studie von Hermann Bahr. Inhalt: Die Cameliendame. Berlin: Wiener’sche Verlagsbuchhandlung 1893 (3–10 Seiten) (Textbuch zum Gastspiel der Eleonore Duse).";"Dieser Separatdruck wurde mit den gleichen Druckplatten wie die 2. und 3. Auflage des »Führers durch das Gastspiel der Eleonora Duse« hergestellt, enthält Bahrs Studie sowie den Text zur Cameliendame des Führers, wobei die Seitenzählung der Vorlage beibehalten wurde. Ob solche Separatdrucke für alle Stücke erstellt wurden, ist ungeklärt.";https://bahr.univie.ac.at/sites/all/txt/prospekte/1892_textbuch-zum-gastspiel-der-duse_kameliendame.pdf;
HB-tv_monogr_6299;1893;"1893";"Moderner Musenalmanach auf das Jahr 1893. Ein Jahrbuch deutscher
                     Kunst";10815;1050;;"Hermann Bahr: Schema des Dritten. In: Moderner Musenalmanach auf das Jahr 1893. Ein Jahrbuch deutscher Kunst. Hg. Otto Julius Bierbaum. München: Dr. E. Albert 1893, S. 200–204.";"1. Akt der 1. Fassung des 1. Aktes von »Josephine«. Erscheinungsjahr eigentlich [1893]";https://bahr.univie.ac.at/sites/all/txt/buchbeitraege/1893_schema.pdf;
HB-tv_monogr_6377;1892;"1892";"Die Zukunft der deutschen Literatur im Urteil unserer Dichter und
                     Denker. Eine Enquete";10815;1050;;"Hermann Bahr: [Beitrag]. In: Die Zukunft der deutschen Literatur im Urteil unserer Dichter und Denker. Eine Enquete. Hg. Curt Grottewitz. Berlin: Max Hochsprung 1892, S. 105.";"In seiner Besprechung des Buches in der Deutschen Zeitung verschweigt Bahr seine Teilnahme am Buch: Hermann Bahr: Die Zukunft der Literatur. Deutsche Zeitung, Wien, 22 (1892) #7469, Morgen-Ausgabe, 1-2. (14.10.1892)";https://bahr.univie.ac.at/sites/all/txt/buchbeitraege/1892_zukunft.pdf;
HB-tv_monogr_6381;1892;"1892";"Führer durch das Gastspiel von Eleonore Duse. Mit einer
                     einleitenden Studie von Hermann Bahr";10815;1050;;"Hermann Bahr: Eleonora Duse. Eine Studie. In: Führer durch das Gastspiel von Eleonore Duse. Mit einer einleitenden Studie von Hermann Bahr. Berlin: A. H. Fried 1892, S. 1–10.";"Auf der Umschlagrückseite wird die Funktion erklärt: »Dieses Büchlein enthält das ganze Repertoire der Duse dergestalt arrangiert, daß der, der italienischen Sprache Unkundige, das volle Verständnis und den vollen Genuß an dem italienisch gespielten Stücke behält.« Es enthält Gesamtinhaltsangaben und zusätzlich für jede Szene. Am Ende der 2. und 3. Auflage wird die Bemerkung »Es ist zu hoffen, daß sie bald nach Deutschland kommt […]« mit einer Fußnote versehen: »Dieses Ereignis ist bereits bei Drucklegung der zweiten Auflage dieses ›Führers‹ eingetreten.« Beizeiten wurde der »Führer« fälschlich zur Gänze Bahr zugeschrieben. Das dürfte auf die Angabe des Katalogs der Staatsbibliothek zu Berlin zurückzuführen sein und auf dem Wunsch basieren, bei Bahr eine Publikation zu seiner »Entdeckung« der Duse auszumachen. Aber es existiert kein Hinweis, dass Bahr jenseits der Abdruckgenehmigung seines Textes aus der Frankfurter Zeitung in die Erstellung des Führers eingebunden war.";https://bahr.univie.ac.at/sites/all/txt/prospekte/1892_fuehrer-durch-das-gastspiel-der-duse_2.auflage.pdf;
HB-tv_monogr_6484;1891;"1891";"Die Mutter. Drama in drei Akten";10815;1049;;"Hermann Bahr: Die Mutter. Drama in drei Akten. Berlin: Sallis’scher Verlag 1891 (64 Seiten).";"»Dem genialen Realisten Emanuel Reicher in dankbarer Treue. Berlin, 18. Januar 1891« Die Münchner Kunst (2 (1890) #51, 352. - 25.12.1890) berichtet, ohne das Stück zu nennen, dass es fertig gestellt sei und auch ins Französische übersetzt werden soll. Die nächste Nummer der Zeitschrift (#52, 520 - 1.1.1890) bezeichnet es als soeben fertiggestellt und erwähnt die französische Übersetzung. Am 17. Jänner 1891 schreibt Bahr seinem Vater, dass »Ende nächster, Anfang übernächster« »Die Mutter« erscheinen dürfte, am 3. Februar berichtet er, dass sie erschienen wäre. Die Bezahlung blieb aus und wurde von Bahr gerichtlich eingefordert. (Brief an den Vater, 20.12.1891)";https://anno.onb.ac.at/cgi-content/anno-buch?apm=0&aid=45;
HB-tv_monogr_6556;1890;"1890";"Das Veilchen. Schwank in drei Aufzügen";10815;1049;;"Hermann Bahr: Das Veilchen. Schwank in drei Aufzügen. Berlin: 1890 (66 Seiten).";"Es handelt sich um ein gesetztes Manuskript, noch ohne Verlag. Eine handschriftliche Ergänzung von dreieinhalb Seiten ersetzt den gestrichenen vierten Akt. Dies ist die einzige Publikation Bahrs, die in der Bibliographie von Kurt Thomasberger fehlt. Sie wird erstmals bei Reinhard Farkas: Prophet der Moderne (1987) verzeichnet. Aus dem Nachlass Bahrs in den Besitz der Bibliothek des Österreichischen Theatermuseums gewandert und nunmehr über die Nationalbibliothek zu beziehen. Ohne eigentliches Titelblatt. Das erste gedruckte Blatt: ==== Personen Rechtsanwalt Gustav Schlieben Anna, seine Frau Hans Gude, Bildhauer Rieke Hannsen Der Oberkellner Der Kellner Schreiber In Berlin 1890 ==== Nach von Bahr vorgenommenen handschriftlichen Ergänzungen und Streichungen schaut das Blatt folgendermaßen aus: ===== Das Veilchen Schwank in drei Aufzügen von Hermann Bahr Personen Advokat Gustav Klemm Alice<?>, seine Frau Hans Jummel<?>, Bildhauer Kathi Wimmerl Erschienen bei S. Fischer, Berlin =====";;
HB-tv_monogr_6635;1887;"1887";"Henrik Ibsen. Sonderabdruck aus dem 8. und 9. (August-September-)
                     Heft der »Deutschen Worte«";10815;1049;;"Hermann Bahr: Henrik Ibsen. Sonderabdruck aus dem 8. und 9. (August-September-) Heft der »Deutschen Worte«. Wien: Verlag der Deutschen Worte (Engelbert Pernerstorfer) 1887 (18 Seiten).";"Bahr konnte seinem Vater am 14.11.1887 für die »nächsten Tage« drei Exemplare versprechen.";https://bahr.univie.ac.at/sites/all/txt/deutsche-worte/1887_ibsen_sonderabdruck.pdf;
HB-tv_monogr_6663;1884;"1884";"Rodbertus‹ Theorie der Absatzkrisen. Ein Vortrag";10815;1049;;"Hermann Bahr: Rodbertus‹ Theorie der Absatzkrisen. Ein Vortrag. Wien: Carl Konegen 1884 (33 Seiten).";"»Gewidmet dem Herren von Rinbach in deutscher Treue.« …womit Edmund Lang bezeichnet sein dürfte, siehe Selbstbildnis, S. 153.";https://anno.onb.ac.at/cgi-content/anno-buch?apm=0&aid=36;http://www.archive.org/details/rodbertustheori00bahrgoog
HB-tv_monogr_6665;1884;"1884";"Über Rodbertus. Vortrag. Mit einem Vorworte des
                     Verfassers";10815;1049;;"Hermann Bahr: Über Rodbertus. Vortrag. Mit einem Vorworte des Verfassers. Wien: Verl. der »Unverfälschten Deutschen Worte« (Georg Ritter von Schönerer) 1884 (27 Seiten).";"»Sonder-Abdruck aus Nr. 20 der ›Unverfälschten Deutschen Worte‹ vom 16. Oktober 1884«.";https://anno.onb.ac.at/cgi-content/anno-buch?apm=0&aid=35&teil=0101&seite=00000001;
HB-tv_monogr_6683;1882;"1882";"Der fixe Punkt";10815;1049;;"Hermann Bahr: Der fixe Punkt. (1882).";"Laut »Selbstbildnis«, S. 133 in Wien im Tegetthoff-Saal als Privataufführung gegeben";;
HB-tv_monogr_6705;1909;"1909";"Ein Protest in Sachen Herwarth Walden";10815;1050;;"Peter Altenberg, Herman Bang, Hermann Bahr, Oskar Baum, Peter Baum, Peter Behrens, Rudolf Blümner, Max Brod, Richard Dehmel, Julius Elias, Paul Ernst, Elisabeth Förster-Nietzsche, S. Friedlaender, Peter Gast, Ferdinand Hardekopf, Max Hochdorf, Arno Holz, Norbert Jacques, Otto Kienscherf, Lothar von Kunowski, Rudolf Kurtz, Karl Larsen, Heinrich Lautensack, Paul Leppin, Detlev von Liliencron, Samuel Lublinski, Joseph August Lux, Heinrich Mann, Julius Meier-Graefe, Alfred Mombert, Hermann Muthesius, Felix Salten, Bernard Scharlitt, Paul Scheerbart, René Schickele, Ernst Schur, Franz Servaes, Henry van de Velde, Paul Wiegler: [Beitrag]. In: Ein Protest in Sachen Herwarth Walden. Hg. »Der neue Weg« der Genossenschaft Deutscher Bühnenangehöriger. Berlin: Verlag der Druckerei für Bibliophilen 1909, S. 3.";"";;
HB-tv_monogr_6724;1920;"1920";"Theater und Kultur. Hg. unter Mitwirkung von Hermann Bahr und
                     Hugo Hofmannsthal";10815;1050;;"Theater und Kultur. Hg. unter Mitwirkung von Hermann Bahr und Hugo Hofmannsthal. Hg. Max Pirker. Wien: Wiener Verlag 1920.";"Ab 1922 von Max Pirker herausgegeben und Verlagswechsel zu Zürich, Wien, Leipzig: Amalthea. Erschienene Titel: 1. Bahr, Hermann: Burgtheater. 1920 2. Hofmannsthal, Hugo: Ferdinand Raimunds Lebensdokumente. 1920 3. Pirker, Max: Rund um die Zauberflöte. 1920 4. Rieger, Erwin: Offenbach und seine Wiener Schule 1920 5. Rieger, Erwin: Phantasie über Don Juan. 1922 (teilw. Titelauflage Amalthea-Verlag) 6. Wellesz, Egon: Der Beginn des musikalischen Barock und die Anfänge der Oper in Wien. 1922 7. Trojan, Felix: Das Theater an der Wien. 1923 8. Kobald, Karl: Wiens theatralische Sendung. 1922 9. Alker, Ernst: Philipp Hafner. Ein altwiener Komödiendichter. 1923 10. Ilg, Johannes: Theatergeschichte. 1937 11. Frey, Dagobert; Kobald, Karl; Herterich, Franz: Das Schönbrunner Schlosstheater. 1924";;
HB-tv_monogr_6728;1911;"1911";"Mit mir durch Dresden von heute. Ein zeitgemäßer illustrierter
                     Führer für Fremde und Dresdner mit Stadtplan und Karte der Sächs.
                     Schweiz";10815;1050;;"Wie denken Sie über Dresden? Eine Rundfrage. In: Mit mir durch Dresden von heute. Ein zeitgemäßer illustrierter Führer für Fremde und Dresdner mit Stadtplan und Karte der Sächs. Schweiz. Hg. Hans Kühtmann. Dresden: Gerhard Kühtmann 1911, S. 4–10, hier: 4–5.";"Neben Bahr antworten Otto Ernst, Ludwig Gurlitt, Roda Roda, Thomas Theodor Heine, Siegfried Jacobsohn, Richard Strauss, Siegfried Wagner.";;
